nombre,categoria,direccion,ciudad,pais,telefono,sitio_web,email,rating,total_reviews,google_maps_url,tiene_web,tiene_telefono,prioridad
"Libertad 74 Joyería Y Relojería - Tasación De Oro, Plata, Platino, Diamantes y Joyas",Joyería mayorista,"Libertad 74, AAB, Cdad. Autónoma de Buenos Aires",AAB,AR,+54 11 4381-6123,,,4,318,https://www.google.com/maps/search/?api=1&query=Libertad%2074%20Joyer%C3%ADa%20Y%20Relojer%C3%ADa%20-%20Tasaci%C3%B3n%20De%20Oro%2C%20Plata%2C%20Platino%2C%20Diamantes%20y%20Joyas&query_place_id=ChIJP6OTU8XKvJURMfeopZws8NI,No,Sí,ALTA
Cherry Accesorios,Tienda de accesorios de moda,"Av. Sta. Fe 2414, Cdad. Autónoma de Buenos Aires, Cdad. Autónoma de Buenos Aires",Cdad. Autónoma de Buenos Aires,AR,+54 11 4821-5111,,,3.9,179,https://www.google.com/maps/search/?api=1&query=Cherry%20Accesorios&query_place_id=ChIJbfWRw5DKvJURzIUwqiYujNc,No,Sí,ALTA
Joyas Lucen,Joyería,"Libertad 252, Cdad. Autónoma de Buenos Aires, Cdad. Autónoma de Buenos Aires",Cdad. Autónoma de Buenos Aires,AR,+54 11 4382-0469,,,4.5,131,https://www.google.com/maps/search/?api=1&query=Joyas%20Lucen&query_place_id=ChIJq8P7eMXKvJURJkEFjscVXe0,No,Sí,ALTA
VAR´S,Tienda de ropa de mujer,"Sarmiento 2328, Cdad. Autónoma de Buenos Aires, Cdad. Autónoma de Buenos Aires",Cdad. Autónoma de Buenos Aires,AR,+54 11 4951-9930,,,4.2,129,https://www.google.com/maps/search/?api=1&query=VAR%C2%B4S&query_place_id=ChIJa9FOlOvKvJURwoafwk6rcyE,No,Sí,ALTA
Oliva Buenos Aires,Tienda de ropa de mujer,"Av. Callao 759, Cdad. Autónoma de Buenos Aires, Cdad. Autónoma de Buenos Aires",Cdad. Autónoma de Buenos Aires,AR,+54 11 4813-0254,,,4.2,117,https://www.google.com/maps/search/?api=1&query=Oliva%20Buenos%20Aires&query_place_id=ChIJ2cH9jr_KvJURTD7_abnT3Uo,No,Sí,ALTA
MODAPIEL 1992,Tienda de botas,"Cra 24F Bis 17 sur 38, Bogotá, Bogotá",Bogotá,CO,+57 317 2195453,,,4.8,114,https://www.google.com/maps/search/?api=1&query=MODAPIEL%201992&query_place_id=ChIJmdeA7CCZP44R8fnAYyiln9w,No,Sí,ALTA
Almacenes HOGAR Y MODA,Tienda de artículos para el hogar,"Cra. 45 #79-s, Medellín, Manrique, Medellín, Antioquia","Medellín, Manrique, Medellín",CO,+57 44484568,,,3.8,104,https://www.google.com/maps/search/?api=1&query=Almacenes%20HOGAR%20Y%20MODA&query_place_id=ChIJM8D7IcEoRI4RFzVbhP8Eosg,No,Sí,ALTA
Templo De La Moda Y El Calzado,Tienda de ropa,"a 12-78, Cl. 10 #12-2, Bogotá, Bogotá",Bogotá,CO,+57 312 3835738,,,4.7,102,https://www.google.com/maps/search/?api=1&query=Templo%20De%20La%20Moda%20Y%20El%20Calzado&query_place_id=ChIJEzdxEgmZP44R5w3AtMNIcXo,No,Sí,ALTA
Moda Invernal,Tienda de ropa de mujer,"esq. Zapata #84 loc. 5, Circunvalación, Cuauhtémoc, Ciudad de México, CDMX","Cuauhtémoc, Ciudad de México",MX,+52 55 5522 2163,,,4.5,83,https://www.google.com/maps/search/?api=1&query=Moda%20Invernal&query_place_id=ChIJA4H4IUb50YURyLGvKffbdCY,No,Sí,ALTA
Smoking's Orlando,Tienda de ropa,"3ra Cda. de José María Castorena 298 A, Cuajimalpa de Morelos, Ciudad de México, Cd. de México","Cuajimalpa de Morelos, Ciudad de México",MX,+52 55 2163 3455,,,4.3,71,https://www.google.com/maps/search/?api=1&query=Smoking's%20Orlando&query_place_id=ChIJh_rXZD8H0oUR6zeHtZsMNM0,No,Sí,ALTA
UGG,Tienda de ropa,"Lomas de Santa Fe, Local 116 , Planta Baja, Cuajimalpa de Morelos, Ciudad de México, CDMX","Cuajimalpa de Morelos, Ciudad de México",MX,+52 55 9154 0317,,,4.5,57,https://www.google.com/maps/search/?api=1&query=UGG&query_place_id=ChIJcW2m8csA0oURy9eFY5FGGnw,No,Sí,ALTA
Mujer Virtuosa,Tienda de ropa de mujer,"Cl. 9 #20a-35 Piso 2, Bogotá, Cundinamarca",Bogotá,CO,+57 320 2205880,,,4.5,57,https://www.google.com/maps/search/?api=1&query=Mujer%20Virtuosa&query_place_id=ChIJkcqBiRKZP44RA-x2Ysi8dIs,No,Sí,ALTA
Joyería Libertad,Joyería,"Libertad 452, Cdad. Autónoma de Buenos Aires, Cdad. Autónoma de Buenos Aires",Cdad. Autónoma de Buenos Aires,AR,+54 11 3701-9780,,,3.8,51,https://www.google.com/maps/search/?api=1&query=Joyer%C3%ADa%20Libertad&query_place_id=ChIJv9cp_cXKvJURKlvG-jmQUKI,No,Sí,ALTA
Zoom,Tienda de alimentación,"Av. Rivadavia 2309, Cdad. Autónoma de Buenos Aires, Cdad. Autónoma de Buenos Aires",Cdad. Autónoma de Buenos Aires,AR,+54 9 11 6940-7302,,,4.1,49,https://www.google.com/maps/search/?api=1&query=Zoom&query_place_id=ChIJN8v0L-nKvJURQtz9wkp1WoE,No,Sí,ALTA
Artilleria La Vieja Guardia,Tienda de accesorios para automóviles,"Constituyente Héctor Victoria 161, Cuajimalpa de Morelos, Ciudad de México, Cd. de México","Cuajimalpa de Morelos, Ciudad de México",MX,+52 56 1150 2428,,,4.2,45,https://www.google.com/maps/search/?api=1&query=Artilleria%20La%20Vieja%20Guardia&query_place_id=ChIJayxyhcAH0oUR2O2FwWBOpak,No,Sí,ALTA
Maci Moda Y Accesorios,Tienda de ropa,"Cra 68 #98-24, Medellín, Castilla, Medellín, Antioquia","Medellín, Castilla, Medellín",CO,+57 300 8779962,,,4.9,44,https://www.google.com/maps/search/?api=1&query=Maci%20Moda%20Y%20Accesorios&query_place_id=ChIJNzoaR9UoRI4RXSLLGWAdmjQ,No,Sí,ALTA
Tienda BuenAura,Zapatería,"Cra. 65 #96-71, Medellín, Castilla, Medellín, Antioquia","Medellín, Castilla, Medellín",CO,+57 300 3103828,,,5,43,https://www.google.com/maps/search/?api=1&query=Tienda%20BuenAura&query_place_id=ChIJ8YTFVMIvRI4RoKbgTZXYOyA,No,Sí,ALTA
Delamaria accesorios,Tienda de accesorios de moda,"Pasteur 497, Cdad. Autónoma de Buenos Aires, Cdad. Autónoma de Buenos Aires",Cdad. Autónoma de Buenos Aires,AR,+54 11 2670-1675,,,4.9,41,https://www.google.com/maps/search/?api=1&query=Delamaria%20accesorios&query_place_id=ChIJyzbHkc_LvJURBLnZVLFw31w,No,Sí,ALTA
Boutique Dream's,Tienda de ropa de mujer,"Cl 17 Sur #22-50 a 22-98, Bogotá, Bogotá",Bogotá,CO,+57 313 2764729,,,4.2,41,https://www.google.com/maps/search/?api=1&query=Boutique%20Dream's&query_place_id=ChIJhf7HFTyZP44REWX042iIyh8,No,Sí,ALTA
Coyoacan a la Moda,Tienda de ropa,"Moctezuma 126, Coyoacán, Ciudad de México, Cd. de México","Coyoacán, Ciudad de México",MX,+52 56 3272 1545,,,5,37,https://www.google.com/maps/search/?api=1&query=Coyoacan%20a%20la%20Moda&query_place_id=ChIJ0egLjKb_0YURy1BEST6li_c,No,Sí,ALTA
BuuBu Baby,Tienda de ropa para bebés,"Cl. 9 Bis #19-68, Bogotá, Cundinamarca",Bogotá,CO,+57 319 2380274,,,4.2,37,https://www.google.com/maps/search/?api=1&query=BuuBu%20Baby&query_place_id=ChIJL4RXlw2ZP44Rfu8t-SGu4YY,No,Sí,ALTA
Julio,Tienda de ropa de mujer,"Prol. P.º de la Reforma 3800-153, Cuajimalpa de Morelos, Ciudad de México, Cd. de México","Cuajimalpa de Morelos, Ciudad de México",MX,+52 55 5005 2324,,,4.3,35,https://www.google.com/maps/search/?api=1&query=Julio&query_place_id=ChIJ9bzOkc4A0oURaF86QwEUr9g,No,Sí,ALTA
Creatio Circular,Tienda de ropa de mujer,"Paraguay 1329, Cdad. Autónoma de Buenos Aires, Cdad. Autónoma de Buenos Aires",Cdad. Autónoma de Buenos Aires,AR,+54 11 6749-7153,,,5,29,https://www.google.com/maps/search/?api=1&query=Creatio%20Circular&query_place_id=ChIJhQTjQ77KvJUR6PBZQ6bR-K4,No,Sí,ALTA
Hackett Santa Fe,Tienda de ropa de hombre,"Vasco de Quiroga 3800-Local 1714, Cuajimalpa de Morelos, Ciudad de México, Cd. de México","Cuajimalpa de Morelos, Ciudad de México",MX,+52 55 5292 0426,,,4.5,28,https://www.google.com/maps/search/?api=1&query=Hackett%20Santa%20Fe&query_place_id=ChIJ_Y2SgcsA0oURJNdiHqZqzxc,No,Sí,ALTA
El Sanatorio de La Ropa,Taller de reparación de botas,"Juncal 1356, Cdad. Autónoma de Buenos Aires, Cdad. Autónoma de Buenos Aires",Cdad. Autónoma de Buenos Aires,AR,+54 11 4816-5180,,,4,28,https://www.google.com/maps/search/?api=1&query=El%20Sanatorio%20de%20La%20Ropa&query_place_id=ChIJjUaXwLvKvJURP6F-mCyz7Yc,No,Sí,ALTA
"Accesorios, polarizados y película antiasalto",Tienda de accesorios para automóviles,"Carr. San Mateo Sta. Rosa, Cuajimalpa de Morelos, Ciudad de México, Cd. de México","Cuajimalpa de Morelos, Ciudad de México",MX,+52 55 2460 3625,,,5,25,https://www.google.com/maps/search/?api=1&query=Accesorios%2C%20polarizados%20y%20pel%C3%ADcula%20antiasalto&query_place_id=ChIJS0uHvykH0oURPI6yqDLykG4,No,Sí,ALTA
Top Moda,Tienda de accesorios de moda,"Larrea 370, Cdad. Autónoma de Buenos Aires, Cdad. Autónoma de Buenos Aires",Cdad. Autónoma de Buenos Aires,AR,+54 11 3051-6268,,,4.5,24,https://www.google.com/maps/search/?api=1&query=Top%20Moda&query_place_id=ChIJr4HXRevKvJURWTUTpNHaGCA,No,Sí,ALTA
Cravall Femme,Tienda de ropa de mujer,"Av. Pres. Manuel Quintana 497, Cdad. Autónoma de Buenos Aires, Cdad. Autónoma de Buenos Aires",Cdad. Autónoma de Buenos Aires,AR,+54 11 4804-3864,,,4.8,24,https://www.google.com/maps/search/?api=1&query=Cravall%20Femme&query_place_id=ChIJUSr4a6PKvJURuB0PmoCOHVg,No,Sí,ALTA
Aventura Ropa Infantil,Tienda de ropa infantil,"Cl. 71 #65-150 Local 1297, Medellín, Castilla, Medellín, Antioquia","Medellín, Castilla, Medellín",CO,+57 44199825,,,4.3,24,https://www.google.com/maps/search/?api=1&query=Aventura%20Ropa%20Infantil&query_place_id=ChIJNcb2tSEpRI4R4DipoeJwrzg,No,Sí,ALTA
Variedades infantiles Juan Camilo L.213,Tienda de ropa infantil,"Cl. 11 #10-57, Bogotá, Bogotá",Bogotá,CO,+57 313 3340128,,,4.6,21,https://www.google.com/maps/search/?api=1&query=Variedades%20infantiles%20Juan%20Camilo%20L.213&query_place_id=ChIJZ2sUuP-ZP44R38aaCSjtKGo,No,Sí,ALTA
"Tienda de accesorios para mujer, joyeria, bisutería| Rouse para ellas",Joyería mayorista,"Cl. 12 #10-41, Bogotá, Bogotá",Bogotá,CO,+57 322 4160254,,,4.9,20,https://www.google.com/maps/search/?api=1&query=Tienda%20de%20accesorios%20para%20mujer%2C%20joyeria%2C%20bisuter%C3%ADa%7C%20Rouse%20para%20ellas&query_place_id=ChIJRxQX7wmZP44RLji0bZRq7gY,No,Sí,ALTA
Moda Outlet Izazaga,Tienda de ropa,"José María Pino Suárez, Cuauhtémoc, Ciudad de México, Cd. de México","Cuauhtémoc, Ciudad de México",MX,+52 55 8188 8816,,,4.5,18,https://www.google.com/maps/search/?api=1&query=Moda%20Outlet%20Izazaga&query_place_id=ChIJbz5PyZf_0YURvGG6iTvkbHA,No,Sí,ALTA
Mundo accesorios E,Tienda de móviles,"41C-10sur, Cra. 79, Bogotá, Cundinamarca",Bogotá,CO,+57 310 7553164,,,5,18,https://www.google.com/maps/search/?api=1&query=Mundo%20accesorios%20E&query_place_id=ChIJtwvFxyefP44RYHAqy--0B84,No,Sí,ALTA
Accesorios Carvajal,Tienda de accesorios para automóviles,"Cra. 69b # 37B-05, Bogotá, Bogotá",Bogotá,CO,+57 318 3760246,,,4.9,17,https://www.google.com/maps/search/?api=1&query=Accesorios%20Carvajal&query_place_id=ChIJJ28eFrmeP44Rg0VlBMFvTqY,No,Sí,ALTA
Mil Pies tienda infantil,Tienda de ropa infantil,"Diagonal 48#53-20, Bogotá, Bogotá",Bogotá,CO,+57 312 4163230,,,4.2,16,https://www.google.com/maps/search/?api=1&query=Mil%20Pies%20tienda%20infantil&query_place_id=ChIJhV5FLP6fP44R5itI4mwBg10,No,Sí,ALTA
Oscar JOYERÍA Y RELOJERÍA,Joyería,"Av. José María Castorena 395, Cuajimalpa de Morelos, Ciudad de México, Cd. de México","Cuajimalpa de Morelos, Ciudad de México",MX,+52 55 2133 0906,,,4.7,15,https://www.google.com/maps/search/?api=1&query=Oscar%20JOYER%C3%8DA%20Y%20RELOJER%C3%8DA&query_place_id=ChIJkeaHHDoH0oURgbZxTI8jCsQ,No,Sí,ALTA
Súbito,Tienda de ropa de mujer,"Arenales 1602, Cdad. Autónoma de Buenos Aires, Cdad. Autónoma de Buenos Aires",Cdad. Autónoma de Buenos Aires,AR,+54 11 4815-8733,,,4.9,15,https://www.google.com/maps/search/?api=1&query=S%C3%BAbito&query_place_id=ChIJy9mxxb3KvJURGM15NHU7AWs,No,Sí,ALTA
Moda y Estilo B&J,Tienda de ropa,"Eten 612C, Gustavo A. Madero, Ciudad de México, Cd. de México","Gustavo A. Madero, Ciudad de México",MX,+52 452 111 2092,,,4.8,14,https://www.google.com/maps/search/?api=1&query=Moda%20y%20Estilo%20B%26J&query_place_id=ChIJUYXSZq750YURgtWet5apzV4,No,Sí,ALTA
Dress & Shoes Arreglo de Calzado,Tienda de arreglos de ropa,"Arenales 1179, AAI, Cdad. Autónoma de Buenos Aires",AAI,AR,+54 11 4811-9700,,,3.9,14,https://www.google.com/maps/search/?api=1&query=Dress%20%26%20Shoes%20Arreglo%20de%20Calzado&query_place_id=ChIJ0YxJ6LnKvJURGJlKN3HC8TA,No,Sí,ALTA
PAUL BLANC,Tienda de colchas,"Av. Entre Ríos 579, Cdad. Autónoma de Buenos Aires, Cdad. Autónoma de Buenos Aires",Cdad. Autónoma de Buenos Aires,AR,+54 11 2085-4365,,,4.9,14,https://www.google.com/maps/search/?api=1&query=PAUL%20BLANC&query_place_id=ChIJVUt_ndXLvJUR55qc2xXIIdU,No,Sí,ALTA
WILLDI,Tienda de ropa infantil,"Sabana Carrera 19 # 12-51, Local 204, Bogotá, Bogotá",Bogotá,CO,+57 12900550,,,4.5,14,https://www.google.com/maps/search/?api=1&query=WILLDI&query_place_id=ChIJiZDtzQyZP44RoFPfMUTWUu0,No,Sí,ALTA
De la paz petit zapatos,Tienda de ropa,"Uruguay 1281, Cdad. Autónoma de Buenos Aires, Cdad. Autónoma de Buenos Aires",Cdad. Autónoma de Buenos Aires,AR,+54 11 4811-0263,,,4.9,13,https://www.google.com/maps/search/?api=1&query=De%20la%20paz%20petit%20zapatos&query_place_id=ChIJcagw6LvKvJURtibB2ZxXei4,No,Sí,ALTA
Shoes,Zapatero,"Arenales 3181, Cdad. Autónoma de Buenos Aires, Cdad. Autónoma de Buenos Aires",Cdad. Autónoma de Buenos Aires,AR,+54 11 4822-7686,,,4.8,13,https://www.google.com/maps/search/?api=1&query=Shoes&query_place_id=ChIJlxx6poPKvJURKjlIqpopddE,No,Sí,ALTA
Maitos Fashion KIDS,Tienda de artículos para bebés,"Cra. 11 #11-57, Bogotá, Bogotá",Bogotá,CO,+57 311 2343495,,,4.5,13,https://www.google.com/maps/search/?api=1&query=Maitos%20Fashion%20KIDS&query_place_id=ChIJdyVHRRuZP44Rt5Fmz65C5xY,No,Sí,ALTA
Joyería y Relojería Chacón,Joyería,"Cra. 77A #69A-39, Bogotá, Bogotá",Bogotá,CO,+57 322 3644718,,,4.8,13,https://www.google.com/maps/search/?api=1&query=Joyer%C3%ADa%20y%20Relojer%C3%ADa%20Chac%C3%B3n&query_place_id=ChIJK4I_PkCbP44RrNBKkIWP0SU,No,Sí,ALTA
Moda Jesan,Tienda de ropa,"Marmoleria 281, Venustiano Carranza, Ciudad de México, Cd. de México","Venustiano Carranza, Ciudad de México",MX,+52 55 9031 7513,,,4.8,12,https://www.google.com/maps/search/?api=1&query=Moda%20Jesan&query_place_id=ChIJwWfDNVr50YURG2ofJ5GB_4M,No,Sí,ALTA
RAMS OFICIAL - Tienda de Ropa,Tienda de ropa de mujer,"Cra. 112A #74b 16, Bogotá, Bogotá",Bogotá,CO,+57 316 4511009,,,4.3,12,https://www.google.com/maps/search/?api=1&query=RAMS%20OFICIAL%20-%20Tienda%20de%20Ropa&query_place_id=ChIJ-0smix6DP44RQYgXyhN5NU8,No,Sí,ALTA
Cool Ropa Unisex,Tienda de ropa,"Cl 72 #70-35, Bogotá, Cundinamarca",Bogotá,CO,+57 311 5162574,,,4.3,12,https://www.google.com/maps/search/?api=1&query=Cool%20Ropa%20Unisex&query_place_id=ChIJ8acbPUObP44RjYbc4kWu1Rg,No,Sí,ALTA
Stylos Accesorios,Tienda de accesorios de moda,"Paraná 581, Cdad. Autónoma de Buenos Aires, Cdad. Autónoma de Buenos Aires",Cdad. Autónoma de Buenos Aires,AR,+54 11 4374-0234,,,4.4,11,https://www.google.com/maps/search/?api=1&query=Stylos%20Accesorios&query_place_id=ChIJ-5sk2sbKvJUR3obrFDFVzKk,No,Sí,ALTA
HC ACCESORIOS,Joyería,"Cra. 28 #53a-36 Sur, San Vicente, Bogotá, Cundinamarca","San Vicente, Bogotá",CO,+57 311 2165143,,,5,11,https://www.google.com/maps/search/?api=1&query=HC%20ACCESORIOS&query_place_id=ChIJkWYgAgCfP44RU1CPApgJFyM,No,Sí,ALTA
perlas y accesorios,Tienda de accesorios de moda,"local 110, Cra. 52c #22 sur, Bogotá, Bogotá",Bogotá,CO,+57 17107307,,,4.4,11,https://www.google.com/maps/search/?api=1&query=perlas%20y%20accesorios&query_place_id=ChIJ182tZNqeP44RKCyfaIvqz08,No,Sí,ALTA
Ceballos Moda Urbana,Tienda de ropa,"Cra. 73 #94-83, Medellín, Doce de Octubre, Medellín, Antioquia","Medellín, Doce de Octubre, Medellín",CO,+57 302 4233455,,,5,11,https://www.google.com/maps/search/?api=1&query=Ceballos%20Moda%20Urbana&query_place_id=ChIJK9ymQt8vRI4RzLAEOleLucA,No,Sí,ALTA
Bebes Estrella,Tienda de ropa infantil,"Cl. 111FF #64-40, Medellín, Castilla, Medellín, Antioquia","Medellín, Castilla, Medellín",CO,+57 319 3252119,,,5,10,https://www.google.com/maps/search/?api=1&query=Bebes%20Estrella&query_place_id=ChIJXxGQxlIvRI4RrTgice0XdWo,No,Sí,ALTA
Belleza Moda,Tienda de ropa,"Av. Caseros 2905, Cdad. Autónoma de Buenos Aires, Cdad. Autónoma de Buenos Aires",Cdad. Autónoma de Buenos Aires,AR,+54 11 4308-4005,,,4.2,9,https://www.google.com/maps/search/?api=1&query=Belleza%20Moda&query_place_id=ChIJU1pBsBHLvJURMG46mAirUXk,No,Sí,ALTA
Joyería Viviana,Joyería,"Cra. 77A #71b 32, Bogotá, Cundinamarca",Bogotá,CO,+57 310 3192469,,,5,9,https://www.google.com/maps/search/?api=1&query=Joyer%C3%ADa%20Viviana&query_place_id=ChIJragEZz-bP44RH0UYwg6L4xo,No,Sí,ALTA
MODA Y ESTILO OM,Tienda de ropa,"Cl. 28 Sur #51d-44, Bogotá, Bogotá",Bogotá,CO,+57 319 3465061,,,4.6,8,https://www.google.com/maps/search/?api=1&query=MODA%20Y%20ESTILO%20OM&query_place_id=ChIJVermc8GfP44RMmkTXpy6Pr8,No,Sí,ALTA
Junior fashion,Tienda de ropa infantil,"Cl. 11 #11-70, Bogotá, Cundinamarca",Bogotá,CO,+57 320 8107575,,,4,7,https://www.google.com/maps/search/?api=1&query=Junior%20fashion&query_place_id=ChIJyzaamQmZP44RCgsEY1EyOPY,No,Sí,ALTA
El Objeto De Mi Afecto Bolsas y Acessorios,Tienda de accesorios de moda,"Fray Bartolomé de las Casas, Álvaro Obregón, Ciudad de México, Cd. de México","Álvaro Obregón, Ciudad de México",MX,+52 55 2462 4006,,,4.3,6,https://www.google.com/maps/search/?api=1&query=El%20Objeto%20De%20Mi%20Afecto%20Bolsas%20y%20Acessorios&query_place_id=ChIJW6T9R7_5zYURB_H8Cd_BEfY,No,Sí,ALTA
Ropa para bebé Infantiles Andrea,Tienda de ropa para bebés,"Cl. 11 # 11 - 70, Bogotá, Cundinamarca",Bogotá,CO,+57 310 3042795,,,4.8,6,https://www.google.com/maps/search/?api=1&query=Ropa%20para%20beb%C3%A9%20Infantiles%20Andrea&query_place_id=ChIJK2MSnDKZP44RnE5ASa--rns,No,Sí,ALTA
Tendencias Rosy,Tienda de ropa de mujer,"Cl. 70 #108a-09, Bogotá, Cundinamarca",Bogotá,CO,+57 12287191,,,3.8,6,https://www.google.com/maps/search/?api=1&query=Tendencias%20Rosy&query_place_id=ChIJk5bu-aqcP44RiLWYgVgIKbs,No,Sí,ALTA
BASARI Joyería & Relojería,Joyería,"Avenida Carrera 68 # 75 A 50 CC Metrópolis Local 242, Segundo Piso, Bogotá, Cundinamarca",Bogotá,CO,+57 315 2071117,,,4.8,6,https://www.google.com/maps/search/?api=1&query=BASARI%20Joyer%C3%ADa%20%26%20Relojer%C3%ADa&query_place_id=ChIJU1L4CxybP44RSgdzFnjkcSQ,No,Sí,ALTA
SAHA JEWELS,Joyería,"Av. México 359-DEPTO 506D, Cuajimalpa de Morelos, Ciudad de México, Cd. de México","Cuajimalpa de Morelos, Ciudad de México",MX,+52 55 1602 0371,,,5,5,https://www.google.com/maps/search/?api=1&query=SAHA%20JEWELS&query_place_id=ChIJ3XKrsQ8H0oURPOvU5OSXbW0,No,Sí,ALTA
Tienda de Ropa,Tienda de ropa,"Arboledas #2-local 1, Álvaro Obregón, Ciudad de México, Cd. de México","Álvaro Obregón, Ciudad de México",MX,+52 55 6043 6162,,,4.6,5,https://www.google.com/maps/search/?api=1&query=Tienda%20de%20Ropa&query_place_id=ChIJXwgo1Vb_zYURrFZI_67_vbs,No,Sí,ALTA
CALLAO 769,Zapatería,"AAA, Av. Callao 769, Cdad. Autónoma de Buenos Aires, Cdad. Autónoma de Buenos Aires",Cdad. Autónoma de Buenos Aires,AR,+54 11 3820-8749,,,5,5,https://www.google.com/maps/search/?api=1&query=CALLAO%20769&query_place_id=ChIJfShqjr_KvJURWwgQtifL5B4,No,Sí,ALTA
"Joyería y Relojería ""El Galardón""",Joyería,"Tv. 93a #80c-10, Bogotá, Bogotá",Bogotá,CO,+57 301 6762814,,,4.6,5,https://www.google.com/maps/search/?api=1&query=Joyer%C3%ADa%20y%20Relojer%C3%ADa%20%22El%20Galard%C3%B3n%22&query_place_id=ChIJi1MqqEybP44R_D8ix2wGv9A,No,Sí,ALTA
Adriana Siempre te calza bien,Tienda de botas,"Cra 68 #96-67, Medellín, Castilla, Medellín, Antioquia","Medellín, Castilla, Medellín",CO,+57 44771450,,,3.2,5,https://www.google.com/maps/search/?api=1&query=Adriana%20Siempre%20te%20calza%20bien&query_place_id=ChIJe2Ac-yovRI4RpSJXVGAuKEs,No,Sí,ALTA
Moda y Estilo Las David,Tienda de ropa de mujer,"Cl. 86 #47-28, Medellín, Aranjuez, Medellín, Antioquia","Medellín, Aranjuez, Medellín",CO,+57 301 3923388,,,4.8,5,https://www.google.com/maps/search/?api=1&query=Moda%20y%20Estilo%20Las%20David&query_place_id=ChIJnVxvfrEpRI4RIKpVSp7W5mg,No,Sí,ALTA
creaciones e innovaciones valitz,Tienda de ropa infantil,"Cdad., Milpa Alta, CDMX",Milpa Alta,MX,+52 55 1783 9083,,,4.8,4,https://www.google.com/maps/search/?api=1&query=creaciones%20e%20innovaciones%20valitz&query_place_id=ChIJPY2-SpUFzoURLOitZtiXk6k,No,Sí,ALTA
Xindra Artículos de Piel,Boutique,"Av. Veracruz 217, Cuajimalpa de Morelos, Ciudad de México, Cd. de México","Cuajimalpa de Morelos, Ciudad de México",MX,+52 55 1496 5448,,,4.8,4,https://www.google.com/maps/search/?api=1&query=Xindra%20Art%C3%ADculos%20de%20Piel&query_place_id=ChIJ39v0zcwH0oURX-GOGVdaFn0,No,Sí,ALTA
La boutique de Lore,Tienda de ropa,"Desierto de los Leones 52A, Álvaro Obregón, Ciudad de México, Cd. de México","Álvaro Obregón, Ciudad de México",MX,+52 55 8299 4060,,,5,4,https://www.google.com/maps/search/?api=1&query=La%20boutique%20de%20Lore&query_place_id=ChIJ8bzGJCT5zYURtFNK8YAHYtI,No,Sí,ALTA
Boutique nueva moda,Tienda de ropa para jóvenes,"Cl. 37 Sur #1a-37, Bogotá, Cundinamarca",Bogotá,CO,+57 319 7562195,,,5,4,https://www.google.com/maps/search/?api=1&query=Boutique%20nueva%20moda&query_place_id=ChIJ3YvEK42fP44RrVBqLIg3xkg,No,Sí,ALTA
Bucaramanga Moda Y Estilo,Tienda de ropa,"Cl. 64 Sur #36 -20, Bogotá, Bogotá",Bogotá,CO,+57 315 6477949,,,4.8,4,https://www.google.com/maps/search/?api=1&query=Bucaramanga%20Moda%20Y%20Estilo&query_place_id=ChIJ0VZX3RSfP44R8QCuvmrZWPk,No,Sí,ALTA
bellas y latinas boutique,Tienda de ropa,"82, Cra. 77A #70, Bogotá, Bogotá",Bogotá,CO,+57 54923688,,,4.8,4,https://www.google.com/maps/search/?api=1&query=bellas%20y%20latinas%20boutique&query_place_id=ChIJ2YdKZUCbP44RHm4Zg5xSVbE,No,Sí,ALTA
Samar Modas y Estilos,Tienda de ropa,"Tv. 94 #80A-33, Bogotá, Bogotá",Bogotá,CO,+57 12276860,,,4.5,4,https://www.google.com/maps/search/?api=1&query=Samar%20Modas%20y%20Estilos&query_place_id=ChIJbcgisEybP44RvBhgcIlVE38,No,Sí,ALTA
Pieton ropa y calzado,Tienda de ropa,"L 074, Cra 64A #78-580, Medellín, Castilla, Medellín, Antioquia","Medellín, Castilla, Medellín",CO,+57 42309755,,,5,4,https://www.google.com/maps/search/?api=1&query=Pieton%20ropa%20y%20calzado&query_place_id=ChIJIZ_U3NkoRI4Rz2syX_KNivM,No,Sí,ALTA
Distrito Moda Boutique,Boutique,"Progreso Nacional 176, Gustavo A. Madero, Ciudad de México, Cd. de México","Gustavo A. Madero, Ciudad de México",MX,+52 55 2310 7979,,,4,3,https://www.google.com/maps/search/?api=1&query=Distrito%20Moda%20Boutique&query_place_id=ChIJq6oOzCX40YURklBSYkYRaS4,No,Sí,ALTA
Modas Lu,Tienda de ropa,"Tláhuac, San Nicolás Tetelco, Cd. de México","Tláhuac, San Nicolás Tetelco",MX,+52 55 1234 5678,,,5,3,https://www.google.com/maps/search/?api=1&query=Modas%20Lu&query_place_id=ChIJFUBSBZEbzoURyTB-LQtHHIk,No,Sí,ALTA
Alexander&Charlotte by Alexa Hudson,Tienda de ropa infantil,"Av. Juárez 49-local 105A, Cuajimalpa de Morelos, Ciudad de México, Cd. de México","Cuajimalpa de Morelos, Ciudad de México",MX,+52 55 5084 9456,,,3.7,3,https://www.google.com/maps/search/?api=1&query=Alexander%26Charlotte%20by%20Alexa%20Hudson&query_place_id=ChIJeTvqpT8H0oURgJkBR1Tu3Yc,No,Sí,ALTA
Regalos Chely,Tienda de regalos,"Fray Bartolomé de las Casas 3, Álvaro Obregón, Ciudad de México, Cd. de México","Álvaro Obregón, Ciudad de México",MX,+52 55 2463 8489,,,5,3,https://www.google.com/maps/search/?api=1&query=Regalos%20Chely&query_place_id=ChIJ8_hqXIP5zYURPnHkgQ7p7CI,No,Sí,ALTA
Reparación y Accesorios Di Vela 2,Tienda de reparación de teléfonos móviles,"C. Ocampo, Cuajimalpa de Morelos, Ciudad de México, Cd. de México","Cuajimalpa de Morelos, Ciudad de México",MX,+52 55 1570 3788,,,4.7,3,https://www.google.com/maps/search/?api=1&query=Reparaci%C3%B3n%20y%20Accesorios%20Di%20Vela%202&query_place_id=ChIJ0Q4yOQAH0oURyPrOmt_m7NI,No,Sí,ALTA
LM Colección,Tienda de ropa,"Libertad 329 1°piso local 19, Cdad. Autónoma de Buenos Aires, Cdad. Autónoma de Buenos Aires",Cdad. Autónoma de Buenos Aires,AR,+54 11 4384-0198,,,5,3,https://www.google.com/maps/search/?api=1&query=LM%20Colecci%C3%B3n&query_place_id=ChIJ_Xf7jsXKvJURM1Cveg7r-8A,No,Sí,ALTA
Joyería Petra,Comprador de joyas,"Esmeralda 641, Cdad. Autónoma de Buenos Aires, Cdad. Autónoma de Buenos Aires",Cdad. Autónoma de Buenos Aires,AR,+54 11 7222-6369,,,5,3,https://www.google.com/maps/search/?api=1&query=Joyer%C3%ADa%20Petra&query_place_id=ChIJ9YnDikPLvJURi8B_Ty502aM,No,Sí,ALTA
El palacio del bebé PM local 9-11-15 semisótano,Tienda de ropa para bebés,"Cl. 9 Bis #19-68, Bogotá, Cundinamarca",Bogotá,CO,+57 311 2269319,,,4.7,3,https://www.google.com/maps/search/?api=1&query=El%20palacio%20del%20beb%C3%A9%20PM%20local%209-11-15%20semis%C3%B3tano&query_place_id=ChIJOcSSi4eZP44RoKEgtHLbDuE,No,Sí,ALTA
N/M DISEÑOS MODA,Tienda de ropa,"Kr 14 este #62C 61 sur, Bogotá, Cundinamarca",Bogotá,CO,+57 322 4725532,,,4.7,3,https://www.google.com/maps/search/?api=1&query=N%2FM%20DISE%C3%91OS%20MODA&query_place_id=ChIJD4obru2jP44Radv0dnqZT8w,No,Sí,ALTA
Tienda De Moda Lumar,Tienda de ropa,"Cra. 19d #6355, Bogotá, Bogotá",Bogotá,CO,+57 321 3320060,,,4.7,3,https://www.google.com/maps/search/?api=1&query=Tienda%20De%20Moda%20Lumar&query_place_id=ChIJbZtCU0KfP44R1cKQM21vn9E,No,Sí,ALTA
Estación de la moda,Boutique,"Cra. 4 Este #35 Sur-98 a, Cl. 35 Sur #58, Bogotá, Bogotá",Bogotá,CO,+57 13640838,,,4,3,https://www.google.com/maps/search/?api=1&query=Estaci%C3%B3n%20de%20la%20moda&query_place_id=ChIJhW0cihCZP44Riy74o-Y5LxY,No,Sí,ALTA
Génesis el Origen de la Moda,Tienda de ropa,"Cra. 77A #71B - 10, Bogotá, Cundinamarca",Bogotá,CO,+57 601 2233852,,,5,3,https://www.google.com/maps/search/?api=1&query=G%C3%A9nesis%20el%20Origen%20de%20la%20Moda&query_place_id=ChIJuQcCZD-bP44RvleDbmj1hYo,No,Sí,ALTA
SaraSo Joyas y Accesorios,Joyería,"Centro Comercial Nuestro, Bogotá, Bogotá",Bogotá,CO,+57 304 6818046,,,3.7,3,https://www.google.com/maps/search/?api=1&query=SaraSo%20Joyas%20y%20Accesorios&query_place_id=ChIJE9TijgObP44RfbTyf3Jfj3g,No,Sí,ALTA
Calzatea La Moda,Tienda de ropa,"carrera 23 # 102 c 115 int, Medellín, Popular, Medellín, Antioquia","Medellín, Popular, Medellín",CO,+57 305 8188137,,,5,3,https://www.google.com/maps/search/?api=1&query=Calzatea%20La%20Moda&query_place_id=ChIJAxWre-0vRI4ReHbzRodUP8Q,No,Sí,ALTA
Lady Moda,Tienda de ropa de mujer,"Río San Joaquín 339, Miguel Hidalgo, Ciudad de México, Cd. de México","Miguel Hidalgo, Ciudad de México",MX,+52 55 5250 4854,,,4.5,2,https://www.google.com/maps/search/?api=1&query=Lady%20Moda&query_place_id=ChIJh9sOPw8C0oURLyVuyVa59AY,No,Sí,ALTA
ROPA DE TEMPORADA JUAN CRUZ,Tienda de ropa,"Cuajimalpa de Morelos, Cd. de México",Cuajimalpa de Morelos,MX,+52 55 3781 0329,,,5,2,https://www.google.com/maps/search/?api=1&query=ROPA%20DE%20TEMPORADA%20JUAN%20CRUZ&query_place_id=ChIJ_ac6i5H4zYURt6tKSCgvFzA,No,Sí,ALTA
Mabrisu Accesorios,Comercio,"Lic. Castillo Ledón, Cuajimalpa de Morelos, Ciudad de México, Cd. de México","Cuajimalpa de Morelos, Ciudad de México",MX,+52 55 7190 9701,,,5,2,https://www.google.com/maps/search/?api=1&query=Mabrisu%20Accesorios&query_place_id=ChIJoZ22KI8H0oURJevE3YXCA9o,No,Sí,ALTA
Christy & Co,Tienda de ropa,"Libertad 1172, Cdad. Autónoma de Buenos Aires, Cdad. Autónoma de Buenos Aires",Cdad. Autónoma de Buenos Aires,AR,+54 11 6098-2275,,,5,2,https://www.google.com/maps/search/?api=1&query=Christy%20%26%20Co&query_place_id=ChIJ9QLrwLnKvJURc2hnAoLDzsQ,No,Sí,ALTA
DIS-DEN INDUMENTARIA,Tienda de ropa,"Marcelo Torcuato de Alvear 2042 P.B. Local 1, Cdad. Autónoma de Buenos Aires, Cdad. Autónoma de Buenos Aires",Cdad. Autónoma de Buenos Aires,AR,+54 11 4961-9732,,,4.5,2,https://www.google.com/maps/search/?api=1&query=DIS-DEN%20INDUMENTARIA&query_place_id=ChIJdxR90JXKvJURhEBYowtehAE,No,Sí,ALTA
Orlando Peroggi,Tienda de ropa,"Solís 334, Cdad. Autónoma de Buenos Aires, Cdad. Autónoma de Buenos Aires",Cdad. Autónoma de Buenos Aires,AR,+54 11 4371-8126,,,4,2,https://www.google.com/maps/search/?api=1&query=Orlando%20Peroggi&query_place_id=ChIJS-YGXdzKvJURkoTegXiWL6g,No,Sí,ALTA
Zamirella Boutique,Tienda de ropa de mujer,"Kr 24 #10-93, Bogotá, Bogotá",Bogotá,CO,+57 12470544,,,5,2,https://www.google.com/maps/search/?api=1&query=Zamirella%20Boutique&query_place_id=ChIJ7wBDSG2ZP44RsDyY8MivCds,No,Sí,ALTA
Classy & Sassy Boutique,Tienda de ropa de mujer,"Cra 24B #16-05, Bogotá, Bogotá",Bogotá,CO,+57 311 5985093,,,5,2,https://www.google.com/maps/search/?api=1&query=Classy%20%26%20Sassy%20Boutique&query_place_id=ChIJUev60t6ZP44RnJ45DAI7ChY,No,Sí,ALTA
Remontadora y Almacén de Calzado,Tienda de ropa,"Cra. 68b #9, Bogotá, Bogotá",Bogotá,CO,+57 17240042,,,4.5,2,https://www.google.com/maps/search/?api=1&query=Remontadora%20y%20Almac%C3%A9n%20de%20Calzado&query_place_id=ChIJexF91OKeP44Rl9iiF295FcA,No,Sí,ALTA
Calzado Duper,Tienda de botas,"Carrera 24 d, Dg. 13 Bis Sur # 22, Bogotá, Bogotá",Bogotá,CO,+57 2787195,,,5,2,https://www.google.com/maps/search/?api=1&query=Calzado%20Duper&query_place_id=ChIJSa6U0tiYP44RxwqdFur4moY,No,Sí,ALTA
Güambi Ropa Infantil,Tienda de ropa,"Cl. 58 C Sur #86D 04 SUR PISO 2, Bogotá, Bogotá",Bogotá,CO,+57 301 7179764,,,5,2,https://www.google.com/maps/search/?api=1&query=G%C3%BCambi%20Ropa%20Infantil&query_place_id=ChIJG0vK2k6fP44R55bS8ZIaD1k,No,Sí,ALTA
A lA MODA,Tienda de ropa de mujer,"Dg. 57b Bis Sur #78N-03, Bogotá, Cundinamarca",Bogotá,CO,+57 321 3512542,,,5,2,https://www.google.com/maps/search/?api=1&query=A%20lA%20MODA&query_place_id=ChIJl8dikGCeP44RGx3UdygsrLI,No,Sí,ALTA
AL Moda,Tienda de ropa de mujer,"Cl. 40 Sur #77A 09, Bogotá, Bogotá",Bogotá,CO,+57 313 5407276,,,4,2,https://www.google.com/maps/search/?api=1&query=AL%20Moda&query_place_id=ChIJMwkX1iufP44RCVgmRWONTcY,No,Sí,ALTA
Stefy Ropa y Accesorios,Tienda de ropa,"Calle 64f N. 74B 35, Bogotá, Cundinamarca",Bogotá,CO,+57 300 2267146,,,4.5,2,https://www.google.com/maps/search/?api=1&query=Stefy%20Ropa%20y%20Accesorios&query_place_id=ChIJ0yDv0RGbP44RDJCcGXqN1Ok,No,Sí,ALTA
RIVERAS FASHION,Tienda de accesorios de moda,"Cra. 55 #80b 64, Medellín, Aranjuez, Medellín, Antioquia","Medellín, Aranjuez, Medellín",CO,+57 311 3049115,,,5,2,https://www.google.com/maps/search/?api=1&query=RIVERAS%20FASHION&query_place_id=ChIJpyJMfwApRI4RmCsbnDplmaY,No,Sí,ALTA
El Mundo de Isabella,Tienda de artículos para bebés,"Cl. 79 #84-36, Medellín, Robledo, Medellín, Antioquia","Medellín, Robledo, Medellín",CO,+57 44411633,,,3,2,https://www.google.com/maps/search/?api=1&query=El%20Mundo%20de%20Isabella&query_place_id=ChIJj4Q23DEpRI4RBc908jVX2m0,No,Sí,ALTA
MACHINA WT,Tienda de ropa,"C. Versalles 15, Cuauhtémoc, Ciudad de México, Cd. de México","Cuauhtémoc, Ciudad de México",MX,+52 595 108 6521,http://www.machina.cc/,,5,493,https://www.google.com/maps/search/?api=1&query=MACHINA%20WT&query_place_id=ChIJCWoNnTL_0YURh3p2w_NhDgQ,Sí,Sí,MEDIA
Stradivarius,Tienda de ropa de mujer,"437, Vasco de Quiroga 3800, Cuajimalpa de Morelos, Ciudad de México, CDMX","Cuajimalpa de Morelos, Ciudad de México",MX,+52 55 7679 8780,https://www.stradivarius.com/mx/,,4.2,442,https://www.google.com/maps/search/?api=1&query=Stradivarius&query_place_id=ChIJF_33AMwA0oURNNQhqQanw4Y,Sí,Sí,MEDIA
MIA LORETO,Tienda de ropa de mujer,"Florida 375 3°A, Cdad. Autónoma de Buenos Aires, Cdad. Autónoma de Buenos Aires",Cdad. Autónoma de Buenos Aires,AR,+54 11 6004-8074,http://www.mialoreto.com/,,4.8,427,https://www.google.com/maps/search/?api=1&query=MIA%20LORETO&query_place_id=ChIJDXBk3ezKvJURoAfgN1DW5yg,Sí,Sí,MEDIA
ABRYL Tienda de Ropa y Calzado,Zapatería,"Av. Tlahuac 823, Iztapalapa, Ciudad de México, Cd. de México","Iztapalapa, Ciudad de México",MX,+52 55 7337 0646,https://tiendaabryl.mercadoshops.com.mx/,,4.4,352,https://www.google.com/maps/search/?api=1&query=ABRYL%20Tienda%20de%20Ropa%20y%20Calzado&query_place_id=ChIJl3Zh4UQCzoURSz0SDbx468c,Sí,Sí,MEDIA
Kratos Accesorios,Joyería,"Riobamba 781 Oficina 2A, Cdad. Autónoma de Buenos Aires, Cdad. Autónoma de Buenos Aires",Cdad. Autónoma de Buenos Aires,AR,+54 11 7365-6033,http://www.kratosaccesorios.com/,,5,329,https://www.google.com/maps/search/?api=1&query=Kratos%20Accesorios&query_place_id=ChIJVSyA5hnLvJURmPfXS1V6XYw,Sí,Sí,MEDIA
Briganti,Zapatería,"Florida 146, Cdad. Autónoma de Buenos Aires, Cdad. Autónoma de Buenos Aires",Cdad. Autónoma de Buenos Aires,AR,+54 11 4326-1549,http://www.briganti.com.ar/,,4.3,323,https://www.google.com/maps/search/?api=1&query=Briganti&query_place_id=ChIJ7Y_DetLKvJURdqQObfEb3yo,Sí,Sí,MEDIA
Agustín Imperio Joyería Libertad,Joyería,"Libertad 305, Cdad. Autónoma de Buenos Aires, Cdad. Autónoma de Buenos Aires",Cdad. Autónoma de Buenos Aires,AR,+54 11 2258-9369,http://www.imperioagustin.com.ar/,,4.9,307,https://www.google.com/maps/search/?api=1&query=Agust%C3%ADn%20Imperio%20Joyer%C3%ADa%20Libertad&query_place_id=ChIJdSutjcXKvJURFQNCh28S9pI,Sí,Sí,MEDIA
GOGO Accesorios •Showroom Experience (microcentro),Tienda de accesorios de moda,"Maipú 521 3 B, Cdad. Autónoma de Buenos Aires, Cdad. Autónoma de Buenos Aires",Cdad. Autónoma de Buenos Aires,AR,+54 11 2667-0269,http://www.gogoargentina.com/,,4.4,301,https://www.google.com/maps/search/?api=1&query=GOGO%20Accesorios%20%E2%80%A2Showroom%20Experience%20(microcentro)&query_place_id=ChIJUw3p6oDKvJURClTDAW4KkUs,Sí,Sí,MEDIA
OFFCORSS OUTLET RESTREPO,Tienda de ropa infantil,"Cra. 18 #18 -42 Sur, Bogotá, Bogotá",Bogotá,CO,+57 17477387,http://www.offcorss.com/,,4.4,300,https://www.google.com/maps/search/?api=1&query=OFFCORSS%20OUTLET%20RESTREPO&query_place_id=ChIJ7bTzTnSZP44RdkGvmCNx8Po,Sí,Sí,MEDIA
Kevin's Joyeros C.C. Titán Plaza,Joyería,"Cra. 72 #80-94 Local 3-65, Bogotá, Bogotá",Bogotá,CO,+57 320 3113285,https://kevins.com.co/,,4.5,282,https://www.google.com/maps/search/?api=1&query=Kevin's%20Joyeros%20C.C.%20Tit%C3%A1n%20Plaza&query_place_id=ChIJi8ydFSWbP44RKQTlSeF_jLg,Sí,Sí,MEDIA
Cangoo Fashion,Tienda de ropa de mujer,"Leona Vicario 17-LOCAL A, entre CALLE SAN ANTONIO TOMATLAN Y MIXCALCO, Cuauhtémoc, CDMX, Cd. de México","Cuauhtémoc, CDMX",MX,+52 55 8107 7537,http://cangoofashion.com/,,4.6,278,https://www.google.com/maps/search/?api=1&query=Cangoo%20Fashion&query_place_id=ChIJEaRS7-H50YURjdVdK0RcmJ8,Sí,Sí,MEDIA
G. Furer,Boutique,"Pasteur 453, Cdad. Autónoma de Buenos Aires, Cdad. Autónoma de Buenos Aires",Cdad. Autónoma de Buenos Aires,AR,+54 11 2386-4125,https://gfurer.com/,,4.6,254,https://www.google.com/maps/search/?api=1&query=G.%20Furer&query_place_id=ChIJvxvgZ-vKvJUR2ZHfQtTJRNM,Sí,Sí,MEDIA
Supermercado COTO,Supermercado,"Junín 1073, Cdad. Autónoma de Buenos Aires, Cdad. Autónoma de Buenos Aires",Cdad. Autónoma de Buenos Aires,AR,+54 11 4826-8775,http://www.coto.com.ar/?utm_source=gmb&utm_medium=organic,,3.5,244,https://www.google.com/maps/search/?api=1&query=Supermercado%20COTO&query_place_id=ChIJ60tyipbKvJUR04QjTh8f_qs,Sí,Sí,MEDIA
Joyeria Cameira,Joyería,"Av. Pueyrredón 1964, Cdad. Autónoma de Buenos Aires, Cdad. Autónoma de Buenos Aires",Cdad. Autónoma de Buenos Aires,AR,+54 11 3616-9002,https://www.instagram.com/cameira.ba?igsh=MWF3ZDh0bzRyYnMzZQ==,,5,232,https://www.google.com/maps/search/?api=1&query=Joyeria%20Cameira&query_place_id=ChIJK80y03TLvJURieC9NsO19qg,Sí,Sí,MEDIA
Mundo Infantil Jeremy kids,Tienda de ropa infantil,"Cra. 68 #57 sur 32, Bogotá, Cundinamarca",Bogotá,CO,+57 301 7711105,https://www.mundoinfantiljeremykids.com/,,4.9,228,https://www.google.com/maps/search/?api=1&query=Mundo%20Infantil%20Jeremy%20kids&query_place_id=ChIJnRH1ZhefP44RRAfguqYlvlI,Sí,Sí,MEDIA
Paw Accesorios,Tienda de accesorios de moda,"Pres. José Evaristo Uriburu 364, Cdad. Autónoma de Buenos Aires, Cdad. Autónoma de Buenos Aires",Cdad. Autónoma de Buenos Aires,AR,+54 11 2887-0492,http://www.pawaccesorios.com.ar/,,3.7,203,https://www.google.com/maps/search/?api=1&query=Paw%20Accesorios&query_place_id=ChIJ8cVHQuvKvJURmop-kLzg1Ic,Sí,Sí,MEDIA
Damián Colombo Joyas,Joyería,"Petrona Eyle 450, Cdad. Autónoma de Buenos Aires, Cdad. Autónoma de Buenos Aires",Cdad. Autónoma de Buenos Aires,AR,+54 9 11 4986-4409,http://www.damiancolombo.com/,,4.9,195,https://www.google.com/maps/search/?api=1&query=Dami%C3%A1n%20Colombo%20Joyas&query_place_id=ChIJw7Ogctc0o5URC-TJQ5qwSlI,Sí,Sí,MEDIA
Textil Tres,Tienda de telas,"Tucumán 2030, Cdad. Autónoma de Buenos Aires, Cdad. Autónoma de Buenos Aires",Cdad. Autónoma de Buenos Aires,AR,+54 11 2052-3244,http://www.textiltres.com/,,4.6,193,https://www.google.com/maps/search/?api=1&query=Textil%20Tres&query_place_id=ChIJuWbE2MbLvJUReoCc30rE5ao,Sí,Sí,MEDIA
Carolo Giladas,Tienda de accesorios de moda,"Av. Sta. Fe 1670 Local 71, Cdad. Autónoma de Buenos Aires, Cdad. Autónoma de Buenos Aires",Cdad. Autónoma de Buenos Aires,AR,+54 351 786-8532,https://carologiladas.com/,,4.8,181,https://www.google.com/maps/search/?api=1&query=Carolo%20Giladas&query_place_id=ChIJDWnC_GS1vJURnSntD2qnBkI,Sí,Sí,MEDIA
Amor & Rosas Store,Tienda de ropa,"Valladolid 55-B, Cuauhtémoc, Ciudad de México, Cd. de México","Cuauhtémoc, Ciudad de México",MX,+52 55 7668 3762,http://amorandrosas.com/,,4.9,176,https://www.google.com/maps/search/?api=1&query=Amor%20%26%20Rosas%20Store&query_place_id=ChIJUyujEQn_0YUR9dT9N5tqSUI,Sí,Sí,MEDIA
Vanda Accesorios,Tienda de accesorios de moda,"Av. Corrientes 2301, Cdad. Autónoma de Buenos Aires, Cdad. Autónoma de Buenos Aires",Cdad. Autónoma de Buenos Aires,AR,+54 9 11 5056-1611,http://www.vanda-accesorios.com/,,5,165,https://www.google.com/maps/search/?api=1&query=Vanda%20Accesorios&query_place_id=ChIJkydhqOvKvJUR9QDIyvlSp3M,Sí,Sí,MEDIA
Tienda Par - Ropa & Calzado,Tienda de ropa,"Charcas 5258, Cdad. Autónoma de Buenos Aires, Cdad. Autónoma de Buenos Aires",Cdad. Autónoma de Buenos Aires,AR,+54 11 5063-3525,https://www.instagram.com/tiendaparok/,,5,158,https://www.google.com/maps/search/?api=1&query=Tienda%20Par%20-%20Ropa%20%26%20Calzado&query_place_id=ChIJHQzYSZq1vJUR4beC5I3VEfE,Sí,Sí,MEDIA
"Joyeria Blackdiamond I - Compraventa de Oro, Tasadores profesionales",Joyería,"Libertad 211, Cdad. Autónoma de Buenos Aires, Cdad. Autónoma de Buenos Aires",Cdad. Autónoma de Buenos Aires,AR,+54 9 11 2463-5222,https://instagram.com/joyeria.blackdiamond?igshid=YmMyMTA2M2Y=,,4.3,158,https://www.google.com/maps/search/?api=1&query=Joyeria%20Blackdiamond%20I%20-%20Compraventa%20de%20Oro%2C%20Tasadores%20profesionales&query_place_id=ChIJa-oikpLLvJUR7H4apz1SnLo,Sí,Sí,MEDIA
Ropa para Niñas Titilí Moda,Tienda de ropa infantil,"Cl. 77 #N°45-48, Medellín, Aranjuez, Medellín, Antioquia","Medellín, Aranjuez, Medellín",CO,+57 324 6408624,https://www.titilimoda.com/,,4.9,153,https://www.google.com/maps/search/?api=1&query=Ropa%20para%20Ni%C3%B1as%20Titil%C3%AD%20Moda&query_place_id=ChIJPz-LRRMpRI4RePdBvAvwOtI,Sí,Sí,MEDIA
El señor de los anillos - Joyería,Joyería,"Cl. 52 #72-48, Bogotá, Cundinamarca",Bogotá,CO,+57 304 4933777,https://www.elsenordelosanillos.co/,,4.7,151,https://www.google.com/maps/search/?api=1&query=El%20se%C3%B1or%20de%20los%20anillos%20-%20Joyer%C3%ADa&query_place_id=ChIJoTsD7nabP44R5wp82PWGKqg,Sí,Sí,MEDIA
Dotaciones y Uniformes Empresariales-Publicarlo Medellín,Tienda de uniformes,"Cra. 74B #98-105, Medellín, Doce de Octubre, Medellín, Antioquia","Medellín, Doce de Octubre, Medellín",CO,+57 314 8207622,http://www.publicarlo.com.co/,,5,148,https://www.google.com/maps/search/?api=1&query=Dotaciones%20y%20Uniformes%20Empresariales-Publicarlo%20Medell%C3%ADn&query_place_id=ChIJRff-ccUvRI4RErqhMLSVmQU,Sí,Sí,MEDIA
HUMA Calzados Suc. CABA,Zapatería,"Entre Maipú y Esmeralda, a dos cuadras del Obelisco, Av. Corrientes 728, Cdad. Autónoma de Buenos Aires, Cdad. Autónoma de Buenos Aires",Cdad. Autónoma de Buenos Aires,AR,+54 11 6136-4342,http://humacalzados.mitiendanube.com/,,4.8,146,https://www.google.com/maps/search/?api=1&query=HUMA%20Calzados%20Suc.%20CABA&query_place_id=ChIJIUxEj-7TvJURUyAOeELUnRU,Sí,Sí,MEDIA
Luz Príncipe,Zapatería,"Ciudad Autónoma de Buenos Aires AR, Paraguay 782, AAJ, Cdad. Autónoma de Buenos Aires",AAJ,AR,+54 11 4893-2410,https://www.luzprincipe.com.ar/,,4.9,144,https://www.google.com/maps/search/?api=1&query=Luz%20Pr%C3%ADncipe&query_place_id=ChIJHdDm0svKvJURgV7gPTUHfO0,Sí,Sí,MEDIA
Tiamo,Tienda de ropa de mujer,"Cra. 10 #9 37 Local 1125b, Bogotá, Cundinamarca",Bogotá,CO,+57 300 7073566,http://www.tiamo.com.co/,,5,137,https://www.google.com/maps/search/?api=1&query=Tiamo&query_place_id=ChIJF0zuRAiZP44RNsjPi73aHBE,Sí,Sí,MEDIA
Julio,Tienda de ropa de mujer,"Vasco de Quiroga 3800, Cuajimalpa de Morelos, Ciudad de México, Cd. de México","Cuajimalpa de Morelos, Ciudad de México",MX,+52 55 1664 6102,https://julio.com/,,4.3,136,https://www.google.com/maps/search/?api=1&query=Julio&query_place_id=ChIJZzz9mssA0oURJt2SdpP7Op4,Sí,Sí,MEDIA
Vestidos para niñas Hakuna,Tienda de ropa infantil,"Cl. 35A Sur #24b 26, Bogotá, Bogotá",Bogotá,CO,+57 322 2686862,https://xn--vestidos-para-nias-hakuna-ooc.negocio.site/?utm_source=gmb&utm_medium=referral,,4.9,135,https://www.google.com/maps/search/?api=1&query=Vestidos%20para%20ni%C3%B1as%20Hakuna&query_place_id=ChIJT2RZNSWZP44RRpgKmciQ_OM,Sí,Sí,MEDIA
Madreselva Tango Shoes,Fábrica de zapatos,"1, Av. Rivadavia 2031 piso ""1, Cdad. Autónoma de Buenos Aires, Cdad. Autónoma de Buenos Aires",Cdad. Autónoma de Buenos Aires,AR,+54 9 11 3244-6849,https://madreselvazapatos.com.ar/,,4.8,132,https://www.google.com/maps/search/?api=1&query=Madreselva%20Tango%20Shoes&query_place_id=ChIJm7xSJ_jKvJURo_I28vkJTqE,Sí,Sí,MEDIA
SANPOLOS Fábrica y Punto de Venta Calzado San Polos,Tienda de botas,"Cra. 24C #20 Sur-53, Bogotá, Bogotá",Bogotá,CO,+57 601 3000632,http://www.sanpolos.com/,,4,130,https://www.google.com/maps/search/?api=1&query=SANPOLOS%20F%C3%A1brica%20y%20Punto%20de%20Venta%20Calzado%20San%20Polos&query_place_id=ChIJCxAJG82fP44RFC_nCaWr4CI,Sí,Sí,MEDIA
Otelo Shøes,Zapatería,"Carrera 24G sur #1867, Bogotá, Bogotá",Bogotá,CO,+57 320 2508352,https://oteloshoes.com/?fbclid=PAZXh0bgNhZW0CMTEAAae8z3Ozxur12W3U2HMt3so3xiflFUANgb69e4M0srKAQZBxtU-IfmUhHdQD6A_aem_0UfdZtRLkwT8aB7KBFmPSA,,4.5,127,https://www.google.com/maps/search/?api=1&query=Otelo%20Sh%C3%B8es&query_place_id=ChIJZ4aUsCCZP44RucVW40KbWXA,Sí,Sí,MEDIA
Joyas Noray,Joyería,"Libertad 371, Cdad. Autónoma de Buenos Aires, Cdad. Autónoma de Buenos Aires",Cdad. Autónoma de Buenos Aires,AR,+54 11 4382-8017,http://www.joyasnoray.com/,,4.2,124,https://www.google.com/maps/search/?api=1&query=Joyas%20Noray&query_place_id=ChIJ9-vj8sXKvJURFTARHUPMzh8,Sí,Sí,MEDIA
KID HOUSE,Tienda de ropa infantil,"Cl 17 Sur #12 a 36, Bogotá, Cundinamarca",Bogotá,CO,+57 319 6055204,http://www.kidhouse.co/,,4.8,124,https://www.google.com/maps/search/?api=1&query=KID%20HOUSE&query_place_id=ChIJNc48x-aYP44Rf0qKOiDuUb0,Sí,Sí,MEDIA
SOHO SANTA FE,Tienda de ropa de mujer,"Vasco de Quiroga 3800-loc 668, Cuajimalpa de Morelos, Ciudad de México, Cd. de México","Cuajimalpa de Morelos, Ciudad de México",MX,+52 55 5257 0227,http://www.soho.com.mx/,,4.2,118,https://www.google.com/maps/search/?api=1&query=SOHO%20SANTA%20FE&query_place_id=ChIJlzcjF94A0oURtlr0G3PbvZw,Sí,Sí,MEDIA
Optima Cuajimalpa,Tienda de ropa infantil,"C. Ocampo 129, Cuajimalpa de Morelos, Ciudad de México, Cd. de México","Cuajimalpa de Morelos, Ciudad de México",MX,+52 55 5813 5939,http://www.tiendasoptima.com/,,3.8,113,https://www.google.com/maps/search/?api=1&query=Optima%20Cuajimalpa&query_place_id=ChIJn1NR2z8H0oURmD7Vq8E4qFU,Sí,Sí,MEDIA
Lingus Moda Barrio Villa Luz,Tienda de ropa,"Cra. 77A #64c-61, Bogotá, Bogotá",Bogotá,CO,+57 317 4023847,https://www.lingusmoda.com/,,4.6,113,https://www.google.com/maps/search/?api=1&query=Lingus%20Moda%20Barrio%20Villa%20Luz&query_place_id=ChIJo_xbq26bP44RQRlpze56f-Y,Sí,Sí,MEDIA
Kevin's Joyeros C.C. Hayuelos,Joyería,"Cl 20 #82-52 Local 1-76, Bogotá, Bogotá",Bogotá,CO,+57 318 3484004,https://kevins.com.co/,,4.8,109,https://www.google.com/maps/search/?api=1&query=Kevin's%20Joyeros%20C.C.%20Hayuelos&query_place_id=ChIJi3kkHXycP44R6K9BSVuqOPc,Sí,Sí,MEDIA
Joyería Imperio Libertad 349 - Tasacion de Oro plata platino,Joyería,"Libertad 349 Local 3, Cdad. Autónoma de Buenos Aires, Cdad. Autónoma de Buenos Aires",Cdad. Autónoma de Buenos Aires,AR,+54 11 3350-1015,http://www.instagram.com/joyeriaimperiolibertad,,4.5,107,https://www.google.com/maps/search/?api=1&query=Joyer%C3%ADa%20Imperio%20Libertad%20349%20-%20Tasacion%20de%20Oro%20plata%20platino&query_place_id=ChIJJcj52qnLvJURx5IjN9N4PDM,Sí,Sí,MEDIA
Motive Boutique,Tienda de ropa de mujer,"Av. Corrientes 2450, Cdad. Autónoma de Buenos Aires, Cdad. Autónoma de Buenos Aires",Cdad. Autónoma de Buenos Aires,AR,+54 11 6291-0610,https://www.motiveboutique.com.ar/,,4.7,107,https://www.google.com/maps/search/?api=1&query=Motive%20Boutique&query_place_id=ChIJLXZYdWfLvJURLllNCv3K6uk,Sí,Sí,MEDIA
Rogalet Jeans,Tienda de ropa infantil,"Cra. 10 #9-37 C.C. Gran San Victorino Locales 2180, 2215 y 1252, Bogotá, Cundinamarca",Bogotá,CO,+57 311 2836651,https://www.rogaletjeans.com/,,4.9,104,https://www.google.com/maps/search/?api=1&query=Rogalet%20Jeans&query_place_id=ChIJsaqq-giZP44Rwd6_iSm7ZmY,Sí,Sí,MEDIA
EXIST by Amor & Rosas,Tienda de ropa,"Ámsterdam 252, Cuauhtémoc, Ciudad de México, Cd. de México","Cuauhtémoc, Ciudad de México",MX,+52 55 7668 3762,https://www.amorandrosas.com/,,5,97,https://www.google.com/maps/search/?api=1&query=EXIST%20by%20Amor%20%26%20Rosas&query_place_id=ChIJi26c1j7_0YURobc_ilReRHI,Sí,Sí,MEDIA
Komdori Market Retiro,Tienda de alimentación,"Esmeralda 1018, Cdad. Autónoma de Buenos Aires, Cdad. Autónoma de Buenos Aires",Cdad. Autónoma de Buenos Aires,AR,+54 9 11 7833-0505,http://www.instagram.com/komdori.market,,4.8,96,https://www.google.com/maps/search/?api=1&query=Komdori%20Market%20Retiro&query_place_id=ChIJPfxLCgrLvJURXITeBrglLM4,Sí,Sí,MEDIA
SANTESTEBAN calzados y accesorios de cuero exclusivos en Recoleta Buenos Aires.,Zapatería,"Av. Alvear 1862, Cdad. Autónoma de Buenos Aires, Cdad. Autónoma de Buenos Aires",Cdad. Autónoma de Buenos Aires,AR,+54 11 5523-1100,https://www.santesteban.net/,,4.2,94,https://www.google.com/maps/search/?api=1&query=SANTESTEBAN%20calzados%20y%20accesorios%20de%20cuero%20exclusivos%20en%20Recoleta%20Buenos%20Aires.&query_place_id=ChIJycEsY6PKvJURgUszCZVBdDo,Sí,Sí,MEDIA
SABRINA,Tienda de ropa de mujer,"Av. Sta. Fe 2210, Cdad. Autónoma de Buenos Aires, Cdad. Autónoma de Buenos Aires",Cdad. Autónoma de Buenos Aires,AR,+54 11 4553-4601,https://www.sabrina.com.ar/,,4.3,91,https://www.google.com/maps/search/?api=1&query=SABRINA&query_place_id=ChIJMY7x55bKvJURKKyQkwQQHiQ,Sí,Sí,MEDIA
Tomás Accesorios,Tienda de accesorios de moda,"Lavalle 2184, Cdad. Autónoma de Buenos Aires, Cdad. Autónoma de Buenos Aires",Cdad. Autónoma de Buenos Aires,AR,+54 11 4022-9255,http://www.tomasaccesorios.com.ar/,,4.4,90,https://www.google.com/maps/search/?api=1&query=Tom%C3%A1s%20Accesorios&query_place_id=ChIJr3xOR-vKvJUR2ehARIXrNiM,Sí,Sí,MEDIA
Tienda de Bebes | Magic baby,Tienda de ropa,"Cra 68 #95-68, Medellín, Castilla, Medellín, Antioquia","Medellín, Castilla, Medellín",CO,+57 604 5060722,https://magicbabycol.com/,,4.5,83,https://www.google.com/maps/search/?api=1&query=Tienda%20de%20Bebes%20%7C%20Magic%20baby&query_place_id=ChIJsYdRHqsvRI4RRUPEbssvn4U,Sí,Sí,MEDIA
RAMIREZ,Tienda de ropa,"Ayacucho 1984, Cdad. Autónoma de Buenos Aires, Cdad. Autónoma de Buenos Aires",Cdad. Autónoma de Buenos Aires,AR,+54 48049568,https://www.pabloramirez.com.ar/,,4.9,80,https://www.google.com/maps/search/?api=1&query=RAMIREZ&query_place_id=ChIJeTOJeqPKvJUREjQdLLiigeE,Sí,Sí,MEDIA
Ivonne,Tienda de ropa de mujer,"SANTA FÉ 333, Vasco de Quiroga 3800 Col. Antigua Mina de Totolapa, Cuajimalpa de Morelos, Ciudad de México, CDMX","Cuajimalpa de Morelos, Ciudad de México",MX,+52 55 5259 8992,https://www.ivonne.com/,,4.2,79,https://www.google.com/maps/search/?api=1&query=Ivonne&query_place_id=ChIJpZakCeEA0oURBN5i02uyhr0,Sí,Sí,MEDIA
joyería Kingdom,Joyería,"Libertad 324, Cdad. Autónoma de Buenos Aires, Cdad. Autónoma de Buenos Aires",Cdad. Autónoma de Buenos Aires,AR,+54 11 2477-3869,https://www.instagram.com/joyeria.kingdom1?igsh=aGUxNXp3Y21vdmx1,,4.3,78,https://www.google.com/maps/search/?api=1&query=joyer%C3%ADa%20Kingdom&query_place_id=ChIJvZ6Y1PnLvJURJgXWZq3w9eI,Sí,Sí,MEDIA
Gerat Tlahuac,Tienda de ropa infantil,"Av. Tlahuac 8179-local D y E, Tláhuac, Ciudad de México, Cd. de México","Tláhuac, Ciudad de México",MX,+52 55 5842 7022,http://www.gerat.com.mx/,,4.4,74,https://www.google.com/maps/search/?api=1&query=Gerat%20Tlahuac&query_place_id=ChIJ36FH-7YczoURt6E5IhWWkpo,Sí,Sí,MEDIA
Joyeria Libertad y Sarmiento,Joyería,"Libertad 205, Cdad. Autónoma de Buenos Aires, Cdad. Autónoma de Buenos Aires",Cdad. Autónoma de Buenos Aires,AR,+54 9 11 6170-0388,http://www.libertadysarmiento.com/,,4.4,74,https://www.google.com/maps/search/?api=1&query=Joyeria%20Libertad%20y%20Sarmiento&query_place_id=ChIJnVJbGszLvJURglf3y-mVtBA,Sí,Sí,MEDIA
CHVRE está Chido,Tienda de ropa,"Felipe Carrillo Puerto 414, Coyoacán, Ciudad de México, Cd. de México","Coyoacán, Ciudad de México",MX,+52 55 3924 4044,http://www.chevereestachido.com/,,4.1,72,https://www.google.com/maps/search/?api=1&query=CHVRE%20est%C3%A1%20Chido&query_place_id=ChIJid6A9wH_0YUR0_jneDmeN5I,Sí,Sí,MEDIA
"Olivares Group | Joyeria, Arte y Antigüedades",Comprador de joyas,"Av. Callao 1739, Cdad. Autónoma de Buenos Aires, Cdad. Autónoma de Buenos Aires",Cdad. Autónoma de Buenos Aires,AR,+54 11 4813-0719,https://www.olivaresgroup.com/,,4.4,71,https://www.google.com/maps/search/?api=1&query=Olivares%20Group%20%7C%20Joyeria%2C%20Arte%20y%20Antig%C3%BCedades&query_place_id=ChIJfZrBRMnKvJURRPphXY_6xjM,Sí,Sí,MEDIA
Abastecer Seguridad S. A.,Tienda de ropa,"Uruguay 882, Cdad. Autónoma de Buenos Aires, Cdad. Autónoma de Buenos Aires",Cdad. Autónoma de Buenos Aires,AR,+54 11 4813-9534,http://www.abastecerseguridad.com.ar/,,4,70,https://www.google.com/maps/search/?api=1&query=Abastecer%20Seguridad%20S.%20A.&query_place_id=ChIJKcdDmrjKvJURjLlW8-0VzoA,Sí,Sí,MEDIA
Capri Boutique,Tienda de ropa de mujer,"Laprida 1766, Cdad. Autónoma de Buenos Aires, Cdad. Autónoma de Buenos Aires",Cdad. Autónoma de Buenos Aires,AR,+54 9 11 5615-8372,https://www.capriboutique.com.ar/,,5,67,https://www.google.com/maps/search/?api=1&query=Capri%20Boutique&query_place_id=ChIJzwSGCRvLvJURY65Jp59k3u8,Sí,Sí,MEDIA
Punto Sur - Indumentaria Independiente,Tienda de ropa de mujer,"Defensa 1135, Cdad. Autónoma de Buenos Aires, Cdad. Autónoma de Buenos Aires",Cdad. Autónoma de Buenos Aires,AR,+54 11 4300-9320,https://feriapuntosur.com.ar/,,4.6,65,https://www.google.com/maps/search/?api=1&query=Punto%20Sur%20-%20Indumentaria%20Independiente&query_place_id=ChIJgz_BM9M0o5UR06TUnGvEcYo,Sí,Sí,MEDIA
Malust Brand | Sneakers Tenis,Tienda de ropa,"CL 78B #85a-30, Medellín, Robledo, Medellín, Antioquia","Medellín, Robledo, Medellín",CO,+57 311 7141226,https://instagram.com/malustbrand?utm_medium=copy_link,,5,63,https://www.google.com/maps/search/?api=1&query=Malust%20Brand%20%7C%20Sneakers%20Tenis&query_place_id=ChIJZYKokzQpRI4RMCtvFjxfAMM,Sí,Sí,MEDIA
Troppo Moda Lecumberri,Tienda de ropa de mujer,"Lecumberri 20-local 5, Cuauhtémoc, Ciudad de México, Cd. de México","Cuauhtémoc, Ciudad de México",MX,+52 56 1009 8796,http://www.troppomoda.com/,,4.1,61,https://www.google.com/maps/search/?api=1&query=Troppo%20Moda%20Lecumberri&query_place_id=ChIJdxXasDX50YURQlwfX0Ypb7s,Sí,Sí,MEDIA
Vian Joyas,Joyería,"Guido 1589, Cdad. Autónoma de Buenos Aires, Cdad. Autónoma de Buenos Aires",Cdad. Autónoma de Buenos Aires,AR,+54 11 4813-9890,http://vianjoyas.com.ar/,,4.5,61,https://www.google.com/maps/search/?api=1&query=Vian%20Joyas&query_place_id=ChIJ7zsGnrvKvJURdCB_aT4DNq0,Sí,Sí,MEDIA
"Ropa Hermosa Mujer, Distribuidor mayorista - Ropa al por mayor - Mujer",Mercado mayorista de ropa,"carrera 10 #12-82 Edificio Olivares Bodega 602, Bogotá, Bogotá",Bogotá,CO,+57 315 3055929,https://www.ropahermosamujer.com/,,4.7,59,https://www.google.com/maps/search/?api=1&query=Ropa%20Hermosa%20Mujer%2C%20Distribuidor%20mayorista%20-%20Ropa%20al%20por%20mayor%20-%20Mujer&query_place_id=ChIJowrSSnOZP44RR4Ju0x1RU6Q,Sí,Sí,MEDIA
Helena Boutique,Tienda de ropa de mujer,"Av. Sta. Fe 1592 2C, Cdad. Autónoma de Buenos Aires, Cdad. Autónoma de Buenos Aires",Cdad. Autónoma de Buenos Aires,AR,+54 9 11 7363-0515,https://shop.helena.com.ar/,,4.8,58,https://www.google.com/maps/search/?api=1&query=Helena%20Boutique&query_place_id=ChIJLTZ3vxvLvJURH_beOOucoDs,Sí,Sí,MEDIA
Victorias Company - Mayoristas Ropa Importada Femenina / Mujer - Envíos a todo el país,Tienda de ropa,"Cl. 9 # 20 29 Ofc 507, Bogotá, Bogotá",Bogotá,CO,+57 317 5135123,https://victoriascompany.co/,,4.6,58,https://www.google.com/maps/search/?api=1&query=Victorias%20Company%20-%20Mayoristas%20Ropa%20Importada%20Femenina%20%2F%20Mujer%20-%20Env%C3%ADos%20a%20todo%20el%20pa%C3%ADs&query_place_id=ChIJKYjoexKZP44RQBBMgQd-2uk,Sí,Sí,MEDIA
Gerat Infants Boutique Xochimilco,Tienda de ropa infantil,"Prol. División del Nte. 5662-local A, Xochimilco, Ciudad de México, Cd. de México","Xochimilco, Ciudad de México",MX,+52 55 5641 5030,http://www.gerat.com.mx/,,4.5,57,https://www.google.com/maps/search/?api=1&query=Gerat%20Infants%20Boutique%20Xochimilco&query_place_id=ChIJlc2Kd1ABzoURvisHTnDiSrs,Sí,Sí,MEDIA
Carter's,Tienda de ropa para bebés,"Calz Acoxpa 430, Tlalpan, Ciudad de México, Cd. de México","Tlalpan, Ciudad de México",MX,+52 55 4416 5342,https://www.carters.com/,,4.4,56,https://www.google.com/maps/search/?api=1&query=Carter's&query_place_id=ChIJodOfIa8BzoURSPt8hHl62tk,Sí,Sí,MEDIA
Parfois,Tienda de accesorios de moda,"Lomas de Santa Fe, Local 467 , Primer Nivel, Cuajimalpa de Morelos, Ciudad de México, CDMX","Cuajimalpa de Morelos, Ciudad de México",MX,+52 55 5257 0464,https://www.parfois.com/es/es,,4.4,56,https://www.google.com/maps/search/?api=1&query=Parfois&query_place_id=ChIJf8qS9ssA0oURPUICILmf0pU,Sí,Sí,MEDIA
Joyeria Alvear,Joyería,"Rodríguez Peña 1783, Cdad. Autónoma de Buenos Aires, Cdad. Autónoma de Buenos Aires",Cdad. Autónoma de Buenos Aires,AR,+54 9 11 6281-7755,https://joyeriaalvear.com.ar/,,4.8,54,https://www.google.com/maps/search/?api=1&query=Joyeria%20Alvear&query_place_id=ChIJjWMXW7vKvJURk8gROY9OIQo,Sí,Sí,MEDIA
Verónica de la Canal,Tienda de ropa de mujer,"Vicente López 1756 3 A, Cdad. Autónoma de Buenos Aires, Cdad. Autónoma de Buenos Aires",Cdad. Autónoma de Buenos Aires,AR,+54 11 3982-3856,http://veronicadelacanal.com/,,4.6,53,https://www.google.com/maps/search/?api=1&query=Ver%C3%B3nica%20de%20la%20Canal&query_place_id=ChIJN_eJIb3KvJURAGJaPFP6Eyw,Sí,Sí,MEDIA
Kayarall Alta Costura,Tienda de ropa,"Av. La Plata 149 Local 7, Cdad. Autónoma de Buenos Aires, Cdad. Autónoma de Buenos Aires",Cdad. Autónoma de Buenos Aires,AR,+54 11 6001-1308,https://www.facebook.com/kayarallaltacostura/?fref=ts,,4.5,51,https://www.google.com/maps/search/?api=1&query=Kayarall%20Alta%20Costura&query_place_id=ChIJVVWlPFDKvJURMiAa5fpWGbA,Sí,Sí,MEDIA
Cristal Joyas,Joyería,"Vasco de Quiroga 3800-Local 237 Centro, Cuajimalpa de Morelos, Ciudad de México, Cd. de México","Cuajimalpa de Morelos, Ciudad de México",MX,+52 55 5259 1985,https://cristaljoyas.com/,,4.7,49,https://www.google.com/maps/search/?api=1&query=Cristal%20Joyas&query_place_id=ChIJhX2ocMkA0oURldEaOIKAd3Y,Sí,Sí,MEDIA
Tintorería y Sastrería Bosques Andador Interlomas,Zapatero,"Centro Comercial Andador Interlomas, Av. Jesús del Monte 271-Local PB-01, Cuajimalpa de Morelos, Ciudad de México, Cd. de México","Cuajimalpa de Morelos, Ciudad de México",MX,+52 55 5247 3171,https://www.tintoreriabosques.com/g/ai,,4.8,49,https://www.google.com/maps/search/?api=1&query=Tintorer%C3%ADa%20y%20Sastrer%C3%ADa%20Bosques%20Andador%20Interlomas&query_place_id=ChIJN6vk6dsG0oURux943iynt3U,Sí,Sí,MEDIA
Antonelli,Tienda de ropa de mujer,"Av. Callao 898, AAO, Cdad. Autónoma de Buenos Aires",AAO,AR,+54 11 4812-8132,https://www.instagram.com/antonelli.boutique/?hl=es#,,4.6,49,https://www.google.com/maps/search/?api=1&query=Antonelli&query_place_id=ChIJF_Iutr_KvJUREJrWWxV2I9E,Sí,Sí,MEDIA
Desierto Col SAS,Tienda de botas,"Cra. 48b, Bogotá, Cundinamarca",Bogotá,CO,+57 313 4007894,https://www.desierto.co/,,4.9,48,https://www.google.com/maps/search/?api=1&query=Desierto%20Col%20SAS&query_place_id=ChIJ0TIQocOfP44R0A388EhArXE,Sí,Sí,MEDIA
calzado nueva moda,Tienda de botas,"45 Sur, Cra. 78B #38, Bogotá, Bogotá",Bogotá,CO,+57 14521040,http://www.calzadonuevamoda.com/,,4.1,48,https://www.google.com/maps/search/?api=1&query=calzado%20nueva%20moda&query_place_id=ChIJUbmrC5meP44RbaCLc8TQ2ZM,Sí,Sí,MEDIA
OFFCORSS CENTRO MAYOR,Tienda de ropa infantil,"Cl. 38A Sur #34d-51 Local 2090, Bogotá, Bogotá",Bogotá,CO,+57 310 3157979,https://www.offcorss.com/,,4.2,48,https://www.google.com/maps/search/?api=1&query=OFFCORSS%20CENTRO%20MAYOR&query_place_id=ChIJTZYGBCWbP44RsZhmxsoqLNc,Sí,Sí,MEDIA
Corbatas Y Algo Más... Dibrunno Italy,Tienda de ropa de hombre,"Av. Corrientes 2141, AAD, Cdad. Autónoma de Buenos Aires",AAD,AR,+54 11 5634-4895,https://elmundodelascorbatas.mitiendanube.com/,,4.8,46,https://www.google.com/maps/search/?api=1&query=Corbatas%20Y%20Algo%20M%C3%A1s...%20Dibrunno%20Italy&query_place_id=ChIJDyG8quvKvJUR9Ajc27Bd8is,Sí,Sí,MEDIA
X-T,Tienda de accesorios de moda,"Pasteur 432, Cdad. Autónoma de Buenos Aires, Cdad. Autónoma de Buenos Aires",Cdad. Autónoma de Buenos Aires,AR,+54 11 4951-8160,https://xtaccesorios.com.ar/,,4.3,46,https://www.google.com/maps/search/?api=1&query=X-T&query_place_id=ChIJWQP3ZevKvJURRnaGiRiiu4A,Sí,Sí,MEDIA
Boutique Infantil Angels,Tienda de ropa infantil,"Municipio Libre 120-Local 3, Benito Juárez, Ciudad de México, Cd. de México","Benito Juárez, Ciudad de México",MX,+52 55 7030 8999,http://facebook.com/boutiqueinfantil.angels/,,4.7,45,https://www.google.com/maps/search/?api=1&query=Boutique%20Infantil%20Angels&query_place_id=ChIJ18_-YDv_0YURpU5NfxTsbjM,Sí,Sí,MEDIA
Hi Darling Boutique,Boutique,"Plaza las Aguilas, Avenida de los Leones 145, Álvaro Obregón, Ciudad de México, Cd. de México","Álvaro Obregón, Ciudad de México",MX,+52 55 9039 6198,https://www.hidarling.com.mx/,,4.3,42,https://www.google.com/maps/search/?api=1&query=Hi%20Darling%20Boutique&query_place_id=ChIJB7HJqJAB0oUR38JljjnbC7U,Sí,Sí,MEDIA
MaxMara,Tienda de ropa de mujer,"Vasco de Quiroga 3850, Cuajimalpa de Morelos, Ciudad de México, Cd. de México","Cuajimalpa de Morelos, Ciudad de México",MX,+52 55 2167 8543,https://store.maxmara.com/?utm_source=GMB&utm_medium=link&utm_campaign=yext&utm_content=2901020&y_source=1_MTI1MTA4NzItNzE1LWxvY2F0aW9uLndlYnNpdGU%3D,,4.1,39,https://www.google.com/maps/search/?api=1&query=MaxMara&query_place_id=ChIJX2unpc4A0oUR5aODD5Q2bEY,Sí,Sí,MEDIA
Tienda Infantil Baby Love,Tienda de ropa para bebés,"Cl. 19 Sur #24 f 18, Bogotá, Cundinamarca",Bogotá,CO,+57 310 6980928,https://www.babylove.com.co/,,4.9,38,https://www.google.com/maps/search/?api=1&query=Tienda%20Infantil%20Baby%20Love&query_place_id=ChIJ8SNk4SCZP44RRv-rCGvxm94,Sí,Sí,MEDIA
Comptoir de Lou boutique de ropa,Tienda de ropa de mujer,"Jojutla 49, Cuauhtémoc, Ciudad de México, Cd. de México","Cuauhtémoc, Ciudad de México",MX,+52 55 3492 6079,http://lecomptoirdelou.com/,,5,36,https://www.google.com/maps/search/?api=1&query=Comptoir%20de%20Lou%20boutique%20de%20ropa&query_place_id=ChIJ3RfEjAr_0YURa1ZSu6lgVUE,Sí,Sí,MEDIA
ZII ROPA,Tienda de ropa,"Tabasco 61, Cuauhtémoc, Ciudad de México, Cd. de México","Cuauhtémoc, Ciudad de México",MX,+52 55 9039 2585,http://www.ziiropa.com/,,4.8,36,https://www.google.com/maps/search/?api=1&query=ZII%20ROPA&query_place_id=ChIJ_b4QKu3_0YUROFiBq0PmsrI,Sí,Sí,MEDIA
Old Skull Clothing Condesa- Tienda de Ropa Moda única y exclusiva. Clothing Store,Tienda de ropa,"Av. José Vasconcelos 172, Cuauhtémoc, Ciudad de México, Cd. de México","Cuauhtémoc, Ciudad de México",MX,+52 55 1698 0385,https://oldskullclothing.com/,,4.8,35,https://www.google.com/maps/search/?api=1&query=Old%20Skull%20Clothing%20Condesa-%20Tienda%20de%20Ropa%20Moda%20%C3%BAnica%20y%20exclusiva.%20Clothing%20Store&query_place_id=ChIJJwB17zj_0YURR1YzYnLjLHs,Sí,Sí,MEDIA
El Vestidor Rojiblanco Store,Tienda de deportes,"esquina con, Bernal diaz del castillo, Puente de Alvarado 5-local A2, Cuauhtémoc, Ciudad de México, CDMX","Cuauhtémoc, Ciudad de México",MX,+52 56 3349 8072,https://m.facebook.com/tiendadearticulosdeportivosenlaCDMX,,4.8,35,https://www.google.com/maps/search/?api=1&query=El%20Vestidor%20Rojiblanco%20Store&query_place_id=ChIJf-8YLOT50YURaclqZvvF0Cg,Sí,Sí,MEDIA
baby city (castilla),Tienda de ropa para bebés,"Cra 68 #94 42, Medellín, Castilla, Medellín, Antioquia","Medellín, Castilla, Medellín",CO,+57 300 5966422,https://linktr.ee/babycitymedellin,,4.7,35,https://www.google.com/maps/search/?api=1&query=baby%20city%20(castilla)&query_place_id=ChIJzX0QuTUpRI4RflPvbAXx22s,Sí,Sí,MEDIA
Las Juanas Night. Accesorios de moda en Recoleta,Tienda de accesorios de moda,"Libertad 1181, Cdad. Autónoma de Buenos Aires, Cdad. Autónoma de Buenos Aires",Cdad. Autónoma de Buenos Aires,AR,+54 11 6475-4901,http://www.lasjuanasnight.com/,,4.3,34,https://www.google.com/maps/search/?api=1&query=Las%20Juanas%20Night.%20Accesorios%20de%20moda%20en%20Recoleta&query_place_id=ChIJteMcwbnKvJUR85vAEyt03sE,Sí,Sí,MEDIA
hooly boutique,Tienda de ropa de mujer,"Ak. 4 Este #20, Bogotá, Bogotá",Bogotá,CO,+57 321 2755887,https://instagram.com/hooly_boutique?igshid=YmMyMTA2M2Y=,,4.4,33,https://www.google.com/maps/search/?api=1&query=hooly%20boutique&query_place_id=ChIJ2ZjapXmZP44RfFB_D-hCZQk,Sí,Sí,MEDIA
GLOZZ JOYERÍA,Tienda de bisutería,"Carr. México - Toluca 5631, Cuajimalpa de Morelos, Ciudad de México, Cd. de México","Cuajimalpa de Morelos, Ciudad de México",MX,+52 55 4253 9908,https://glozz.mx/,,5,32,https://www.google.com/maps/search/?api=1&query=GLOZZ%20JOYER%C3%8DA&query_place_id=ChIJ__-vWzgH0oURjftN3B1W3Nw,Sí,Sí,MEDIA
Natzul Colombia,Tienda de ropa de mujer,"Cl. 19 Sur #18 - 50 local 5, Bogotá, Cundinamarca",Bogotá,CO,+57 312 4644255,http://www.natzul.com.co/,,4.8,32,https://www.google.com/maps/search/?api=1&query=Natzul%20Colombia&query_place_id=ChIJF7iSmkuZP44Rulw7Zayt5Tk,Sí,Sí,MEDIA
Tienda Íntima Fashion - Lencería Femenina,Tienda de ropa interior,"Dg. 66 Sur #80a Sur-41 Local 4, Bogotá, Cundinamarca",Bogotá,CO,+57 311 5581246,http://beacons.ai/menudecontactos_tiendaiintima,,4.9,32,https://www.google.com/maps/search/?api=1&query=Tienda%20%C3%8Dntima%20Fashion%20-%20Lencer%C3%ADa%20Femenina&query_place_id=ChIJjTFt50OeP44RuGzM1AZcDp4,Sí,Sí,MEDIA
Amatai Accesorios,Tienda de accesorios de moda,"Av. Sta. Fe 1845 6to A, Cdad. Autónoma de Buenos Aires, Cdad. Autónoma de Buenos Aires",Cdad. Autónoma de Buenos Aires,AR,+54 9 11 2355-4046,http://www.amatai.com.ar/,,4.5,31,https://www.google.com/maps/search/?api=1&query=Amatai%20Accesorios&query_place_id=ChIJw9f4f4S1vJURmr5WSvGSiQ0,Sí,Sí,MEDIA
Stylo 79,Tienda de ropa,"Av. Juárez 49, Cuajimalpa de Morelos, Ciudad de México, Cd. de México","Cuajimalpa de Morelos, Ciudad de México",MX,+52 55 4554 9624,http://www.stylo79.com.mx/,,4.7,27,https://www.google.com/maps/search/?api=1&query=Stylo%2079&query_place_id=ChIJVX0iRC8H0oURr-d67NgkFqA,Sí,Sí,MEDIA
Exentrica Indumentaria,Tienda de ropa de mujer,"Exentrica Indumentaria, Av. Sta. Fe 2653 Piso 3 -Local 48, Cdad. Autónoma de Buenos Aires, Cdad. Autónoma de Buenos Aires",Cdad. Autónoma de Buenos Aires,AR,+54 11 5110-1062,http://www.exentrica.com.ar/,,4.3,27,https://www.google.com/maps/search/?api=1&query=Exentrica%20Indumentaria&query_place_id=ChIJLQX9mtLKvJURZ788Hhv3S9g,Sí,Sí,MEDIA
Tulle,Tienda de ropa de mujer,"Av. Pueyrredón 1787, Cdad. Autónoma de Buenos Aires, Cdad. Autónoma de Buenos Aires",Cdad. Autónoma de Buenos Aires,AR,+54 11 5056-4505,https://newtulle.mitiendanube.com/,,5,27,https://www.google.com/maps/search/?api=1&query=Tulle&query_place_id=ChIJTyqyKZrKvJURTLVvOE-FCKA,Sí,Sí,MEDIA
Dasha accesorios,Tienda de accesorios de moda,"Talcahuano 1097 5TO B, Cdad. Autónoma de Buenos Aires, Cdad. Autónoma de Buenos Aires",Cdad. Autónoma de Buenos Aires,AR,+54 11 2371-4437,http://dasha.com.ar/,,4.6,27,https://www.google.com/maps/search/?api=1&query=Dasha%20accesorios&query_place_id=ChIJYagbOOLLvJURP8nJEVsEnx4,Sí,Sí,MEDIA
Hero´s Shop - T,Tienda de ropa infantil,"Avenida Hidalgo #52 San Antonio Tecomitl, Milpa Alta, Ciudad de México, CDMX","Milpa Alta, Ciudad de México",MX,+52 55 2851 9297,http://www.heroshopmx.com/,,4.7,25,https://www.google.com/maps/search/?api=1&query=Hero%C2%B4s%20Shop%20-%20T&query_place_id=ChIJcd8UdNEazoURYn5Wrkdszas,Sí,Sí,MEDIA
Rapsodia,Tienda de ropa de mujer,"Vasco de Quiroga 3800, Cuajimalpa de Morelos, Ciudad de México, Cd. de México","Cuajimalpa de Morelos, Ciudad de México",MX,+52 55 2167 8260,https://www.rapsodia.com.mx/localiza-tu-tienda,,4.6,25,https://www.google.com/maps/search/?api=1&query=Rapsodia&query_place_id=ChIJfd63GcwA0oURkHJaMoOWfno,Sí,Sí,MEDIA
Surtiemblemas Y Accesorios SAS,Tienda de repuestos para automóviles,"Cra. 37 #17b 14sur, Bogotá, Bogotá",Bogotá,CO,+57 320 3598856,https://surtiemblemas.com/,,4.9,25,https://www.google.com/maps/search/?api=1&query=Surtiemblemas%20Y%20Accesorios%20SAS&query_place_id=ChIJrWaF5B-ZP44R31kixyKlNu0,Sí,Sí,MEDIA
D'gu Vende Plata Sin Invertir,Joyería mayorista,"Av. Juárez 49-Local 105B, Cuajimalpa de Morelos, Ciudad de México, Cd. de México","Cuajimalpa de Morelos, Ciudad de México",MX,+52 55 9131 9569,http://www.vendeplata.com/,,4.3,24,https://www.google.com/maps/search/?api=1&query=D'gu%20Vende%20Plata%20Sin%20Invertir&query_place_id=ChIJZ7ZISi4H0oURwlJciiv9Hl0,Sí,Sí,MEDIA
Anastasia Kids moda infantil,Tienda de ropa infantil,"Cra. 9 #11-67, Bogotá, Cundinamarca",Bogotá,CO,+57 314 3951577,http://anastasiakids.co/,,4.6,22,https://www.google.com/maps/search/?api=1&query=Anastasia%20Kids%20moda%20infantil&query_place_id=ChIJU7mWFyiZP44RPuCZVvE2x8M,Sí,Sí,MEDIA
Artis Joyería,Tienda de bisutería,"Cl 72 #70d-36, Bogotá, Bogotá",Bogotá,CO,+57 302 4311400,http://www.artisjoyeria.com/,,5,21,https://www.google.com/maps/search/?api=1&query=Artis%20Joyer%C3%ADa&query_place_id=ChIJV_AzeKmbP44Rubo5PClxHFw,Sí,Sí,MEDIA
JARANA CALZADO - INDUMENTARIA - ACCESORIOS ®️,Tienda de ropa de mujer,"Austria, Cdad. Autónoma de Buenos Aires, Cdad. Autónoma de Buenos Aires",Cdad. Autónoma de Buenos Aires,AR,+54 11 6114-6830,https://www.grupojarana.com.ar/,,5,17,https://www.google.com/maps/search/?api=1&query=JARANA%20CALZADO%20-%20INDUMENTARIA%20-%20ACCESORIOS%20%C2%AE%EF%B8%8F&query_place_id=ChIJ3baB8aWPE2wRFlsHP6VY1mM,Sí,Sí,MEDIA
Percanta Tango Shoes,Zapatería,"Suipacha 868 timbre 2, Cdad. Autónoma de Buenos Aires, Cdad. Autónoma de Buenos Aires",Cdad. Autónoma de Buenos Aires,AR,+54 11 2884-6173,https://linktr.ee/percanta,,4.8,17,https://www.google.com/maps/search/?api=1&query=Percanta%20Tango%20Shoes&query_place_id=ChIJv9pRSJvLvJURZho1Nr4dvbo,Sí,Sí,MEDIA
JOYERIA WILLIAM,Joyería mayorista,"Cl. 140C #103F - 84, Bogotá, Cundinamarca",Bogotá,CO,+57 313 2442981,https://instagram.com/joyeria.ws/,,4.8,17,https://www.google.com/maps/search/?api=1&query=JOYERIA%20WILLIAM&query_place_id=ChIJgTY7V_SEP44RZpbxhlr2awo,Sí,Sí,MEDIA
KOE Artesanos,Tienda de ropa,"Londres 33, Cuauhtémoc, Ciudad de México, Cd. de México","Cuauhtémoc, Ciudad de México",MX,+52 55 2130 8276,https://koeartesanos.myshopify.com/,,5,15,https://www.google.com/maps/search/?api=1&query=KOE%20Artesanos&query_place_id=ChIJzd3Fp1P_0YUR0Iq-G1NEqT0,Sí,Sí,MEDIA
LyH mayorista de accesorios,Tienda de accesorios de moda,"Pasteur 384, AAG, Cdad. Autónoma de Buenos Aires",AAG,AR,+54 9 11 2860-9060,https://www.lyhaccesorios.com/,,4.9,15,https://www.google.com/maps/search/?api=1&query=LyH%20mayorista%20de%20accesorios&query_place_id=ChIJkX2fkOvKvJURlqdCtpOYPbQ,Sí,Sí,MEDIA
Dime,Tienda de ropa,"Av. Álvaro Obregón 185, Cuauhtémoc, Ciudad de México, Cd. de México","Cuauhtémoc, Ciudad de México",MX,+52 55 1647 7473,http://www.dimetienda.com/,,4.9,14,https://www.google.com/maps/search/?api=1&query=Dime&query_place_id=ChIJh_geDvr_0YURVWebCMq-808,Sí,Sí,MEDIA
Enfance,Tienda de ropa infantil,"Vasco de Quiroga, Cuajimalpa de Morelos, Ciudad de México, Cd. de México","Cuajimalpa de Morelos, Ciudad de México",MX,+52 55 5259 7851,https://enfance.com.mx/,,4.7,14,https://www.google.com/maps/search/?api=1&query=Enfance&query_place_id=ChIJGfUkG8kA0oUR4-Y4ub-M0Hw,Sí,Sí,MEDIA
Casa de Modas Andrea Galeano S.A.S,Tienda de ropa de mujer,"Cra. 93a #77 DD 34 Interior 302, Medellín, Robledo, Medellín, Antioquia","Medellín, Robledo, Medellín",CO,+57 321 6200070,https://www.andreagaleano.shop/,,4.7,14,https://www.google.com/maps/search/?api=1&query=Casa%20de%20Modas%20Andrea%20Galeano%20S.A.S&query_place_id=ChIJTX5MYhifRo4RRFoCE8K_WSw,Sí,Sí,MEDIA
Lucy Moda,Tienda de ropa,"Carrera 42B #, Cl. 110bb #4, Medellín, Popular, Medellín, Antioquia","Medellín, Popular, Medellín",CO,+57 321 5007827,https://www.facebook.com/Lucy-Moda-2179082405488435/,,4.1,14,https://www.google.com/maps/search/?api=1&query=Lucy%20Moda&query_place_id=ChIJP4GTg2ovRI4R3JT3MLGAolM,Sí,Sí,MEDIA
JM Moda,Tienda de ropa,"Av Centenario 1243, Álvaro Obregón, Ciudad de México, Cd. de México","Álvaro Obregón, Ciudad de México",MX,+52 55 6812 6927,http://jmmoda.com.mx/,,4.4,13,https://www.google.com/maps/search/?api=1&query=JM%20Moda&query_place_id=ChIJDRT9wV8A0oUROsjWkMiYDkY,Sí,Sí,MEDIA
Boutique J&C Accesorios Store,Tienda de accesorios de moda,"Cra. 52c #37a21, Bogotá, Bogotá",Bogotá,CO,+57 320 9020607,https://www.bupi.com.co/web/j&caccesoriosstore,,4.9,13,https://www.google.com/maps/search/?api=1&query=Boutique%20J%26C%20Accesorios%20Store&query_place_id=ChIJPVGDbEOfP44Rx9V0TkvN9Lo,Sí,Sí,MEDIA
Isabellas accesorios - tienda de regalos,Tienda de regalos,"Cra 27 #3 - 15, Bogotá, Cundinamarca",Bogotá,CO,+57 310 4918745,http://185.41.83.106/,,5,12,https://www.google.com/maps/search/?api=1&query=Isabellas%20accesorios%20-%20tienda%20de%20regalos&query_place_id=ChIJPyMMHsOZP44RvXm2aGvGh7A,Sí,Sí,MEDIA
El Portal De La Moda,Tienda de ropa,"Cra. 6 #22C-44 Sur, Bogotá, Bogotá",Bogotá,CO,+57 12399240,http://www.portaldelamoda.com/,,3.5,12,https://www.google.com/maps/search/?api=1&query=El%20Portal%20De%20La%20Moda&query_place_id=ChIJB36eOeyYP44Rqd7KaHRKYCA,Sí,Sí,MEDIA
"Tienda de Ropa ""Sweet""",Tienda de ropa de mujer,"Lavalle 580, AAL, Cdad. Autónoma de Buenos Aires",AAL,AR,+54 11 4393-4514,http://www.sweet.com.ar/,,3.5,11,https://www.google.com/maps/search/?api=1&query=Tienda%20de%20Ropa%20%22Sweet%22&query_place_id=ChIJe7PaW8zKvJURQmU73ERCHxo,Sí,Sí,MEDIA
CLO&LOLA ACCESORIOS,Tienda de accesorios de moda,"Pasteur 434, Cdad. Autónoma de Buenos Aires, Cdad. Autónoma de Buenos Aires",Cdad. Autónoma de Buenos Aires,AR,+54 11 3670-9052,http://www.accesorioclo.com/,,4.7,11,https://www.google.com/maps/search/?api=1&query=CLO%26LOLA%20ACCESORIOS&query_place_id=ChIJxRpetffLvJURhXGXEukk6tc,Sí,Sí,MEDIA
Calzado Luzantiny,Tienda de botas,"Carrera 20 # 23 Sur - 10 Luzantiny Calzado, Bogotá, Bogotá",Bogotá,CO,+57 322 4193951,https://www.luzantiny.com/,,5,11,https://www.google.com/maps/search/?api=1&query=Calzado%20Luzantiny&query_place_id=ChIJ8RzgPt-YP44RE4a9edNBCXc,Sí,Sí,MEDIA
Boy Store,Tienda de ropa infantil,"Cjon. Allende 12, Milpa Alta, Ciudad de México, Cd. de México","Milpa Alta, Ciudad de México",MX,+52 56 3530 7731,https://www.facebook.com/profile.php?id=61566200151911&sk=about,,5,10,https://www.google.com/maps/search/?api=1&query=Boy%20Store&query_place_id=ChIJ3bdq44EbzoURfUK36xGP6Z0,Sí,Sí,MEDIA
Onna Clothing,Tienda de ropa de mujer,"Cra. 53A #47-23, Venecia, Bogotá",Venecia,CO,+57 312 3017675,https://www.instagram.com/onna.co_/,,5,10,https://www.google.com/maps/search/?api=1&query=Onna%20Clothing&query_place_id=ChIJMQCLIbifP44R5kQkBWWiys0,Sí,Sí,MEDIA
Accesorios automotrices AUTOBOUTIQUE FRIDA,Tienda de accesorios para automóviles,"4a. Cda. de Juárez 444, Cuajimalpa de Morelos, Ciudad de México, Cd. de México","Cuajimalpa de Morelos, Ciudad de México",MX,+52 55 3506 6446,https://www.facebook.com/share/19gWokvFk6/,,4.9,9,https://www.google.com/maps/search/?api=1&query=Accesorios%20automotrices%20AUTOBOUTIQUE%20FRIDA&query_place_id=ChIJCfXWdHcH0oURKdMxBzWyzRE,Sí,Sí,MEDIA
Correa Bottier,Zapatería,"Av. Pueyrredón 1930, Cdad. Autónoma de Buenos Aires, Cdad. Autónoma de Buenos Aires",Cdad. Autónoma de Buenos Aires,AR,+54 11 4805-9050,http://www.calzadoscorrea.com.ar/,,4.9,9,https://www.google.com/maps/search/?api=1&query=Correa%20Bottier&query_place_id=ChIJ0033Z5nKvJURsU9-XYCZ42A,Sí,Sí,MEDIA
CANAVARA,Tienda de ropa de mujer,"Paso 528, Cdad. Autónoma de Buenos Aires, Cdad. Autónoma de Buenos Aires",Cdad. Autónoma de Buenos Aires,AR,+54 11 4961-9914,https://www.instagram.com/canavaramoda?igsh=MWJvMjAzZjFsaXd2,,3.6,9,https://www.google.com/maps/search/?api=1&query=CANAVARA&query_place_id=ChIJpY10-ZLKvJURvvOIFEW95wM,Sí,Sí,MEDIA
THC-Todos Hacemos Cultura,Fábrica de zapatos,"Cra. 46 #90-74 casa 301, Medellín, Aranjuez, Medellín, Antioquia","Medellín, Aranjuez, Medellín",CO,+57 312 2449759,https://todoshacemoscultura.com/,,4.9,9,https://www.google.com/maps/search/?api=1&query=THC-Todos%20Hacemos%20Cultura&query_place_id=ChIJ4SVbXEopRI4RKx33a9gslzM,Sí,Sí,MEDIA
Pañalera la Boutique del bebe,Tienda de ropa para bebés,"Cra. 50B # 123-20, Medellín, Santa Cruz, Medellín, Antioquia","Medellín, Santa Cruz, Medellín",CO,+57 604 4631785,https://www.instagram.com/plaboutiquedelbebe/,,4.7,9,https://www.google.com/maps/search/?api=1&query=Pa%C3%B1alera%20la%20Boutique%20del%20bebe&query_place_id=ChIJ19EV8PEvRI4RXlsNZdaxZXg,Sí,Sí,MEDIA
Moda Fashion Derosi,Tienda de ropa de mujer,"Paso 408, Cdad. Autónoma de Buenos Aires, Cdad. Autónoma de Buenos Aires",Cdad. Autónoma de Buenos Aires,AR,+54 9 11 2390-9278,https://www.modafashionderosi.com.ar/,,4.5,8,https://www.google.com/maps/search/?api=1&query=Moda%20Fashion%20Derosi&query_place_id=ChIJdasPgurLvJURymVWz6EOKSA,Sí,Sí,MEDIA
ternuritas38,Tienda de ropa para bebés,"Cra. 38 #8a-07, Bogotá, Bogotá",Bogotá,CO,+57 350 4421252,https://www.facebook.com/ternuritas38/,,4.8,8,https://www.google.com/maps/search/?api=1&query=ternuritas38&query_place_id=ChIJ_cI0uDOZP44REeinVERvxoY,Sí,Sí,MEDIA
Outfit Urban,Tienda de ropa,"Cl. 93 #45A-68, Medellín, Aranjuez, Medellín, Antioquia","Medellín, Aranjuez, Medellín",CO,+57 300 5130599,https://sites.google.com/view/outfiturban/inicio,,5,8,https://www.google.com/maps/search/?api=1&query=Outfit%20Urban&query_place_id=ChIJKdJXWvUpRI4RsEb0v_Um95c,Sí,Sí,MEDIA
Flora productos,Tienda de accesorios de moda,"Máximo Silva 13, Cuajimalpa de Morelos, Ciudad de México, Cd. de México","Cuajimalpa de Morelos, Ciudad de México",MX,+52 55 3370 4929,https://floraaccesoriosboda.mitiendanube.com/,,4.6,7,https://www.google.com/maps/search/?api=1&query=Flora%20productos&query_place_id=ChIJuSVso6f4zYURUFADBHAH-t4,Sí,Sí,MEDIA
Kahlo - Ropa para Mujeres,Tienda de ropa de mujer,"Arenales 1676, ABP, Cdad. Autónoma de Buenos Aires",ABP,AR,+54 11 4552-8912,https://kahloropaparamujeres2.mitiendanube.com/productos/,,4.3,7,https://www.google.com/maps/search/?api=1&query=Kahlo%20-%20Ropa%20para%20Mujeres&query_place_id=ChIJHdOBhb7KvJURjUFKNl4q01A,Sí,Sí,MEDIA
Nohorita Moda Infantil,Tienda de ropa infantil,"KR 19 18 40 SUR BOGOTA, Bogotá, Cundinamarca",Bogotá,CO,+57 313 8807640,http://www.nohorita.com/,,5,7,https://www.google.com/maps/search/?api=1&query=Nohorita%20Moda%20Infantil&query_place_id=ChIJtW4WS96YP44RLzzQFS4Pn4U,Sí,Sí,MEDIA
Suakids Tienda infantil,Tienda de ropa infantil,"transversal 78 L# 68, Cl. 35 Sur, Bogotá, Bogotá",Bogotá,CO,+57 318 2368624,http://www.suakids.com/,,4.9,7,https://www.google.com/maps/search/?api=1&query=Suakids%20Tienda%20infantil&query_place_id=ChIJN5nZ1mifP44RUzRFb9jfSyg,Sí,Sí,MEDIA
Ámbar Boutique,Tienda de ropa de mujer,"Centro Comercial Real Plaza, Local 110, Bogotá, Bogotá",Bogotá,CO,+57 313 8584834,https://www.ambarboutique.com.co/,,4.5,6,https://www.google.com/maps/search/?api=1&query=%C3%81mbar%20Boutique&query_place_id=ChIJ352T-xOZP44REaFLATa7p9o,Sí,Sí,MEDIA
K-TA diseño de accesorios,Tienda de accesorios de moda,"Cl. 40k Sur #74 d 38, Bogotá, Cundinamarca",Bogotá,CO,+57 312 2734652,https://k-ta-accesorios.minegos.co/,,5,6,https://www.google.com/maps/search/?api=1&query=K-TA%20dise%C3%B1o%20de%20accesorios&query_place_id=ChIJWaSNHwyfP44RsfKYAK_Otnw,Sí,Sí,MEDIA
Moon Moda,Tienda de accesorios de moda,"Castelli 247, Cdad. Autónoma de Buenos Aires, Cdad. Autónoma de Buenos Aires",Cdad. Autónoma de Buenos Aires,AR,+54 11 3046-8899,https://moonmoda.mitiendanube.com/,,5,5,https://www.google.com/maps/search/?api=1&query=Moon%20Moda&query_place_id=ChIJpek3ChPLvJURYkpphDKKtSM,Sí,Sí,MEDIA
La Boutique,Tienda de ropa de mujer,"Paraná 1081, Cdad. Autónoma de Buenos Aires, Cdad. Autónoma de Buenos Aires",Cdad. Autónoma de Buenos Aires,AR,+54 11 4813-1081,https://laboutiquemoda.empretienda.com.ar/,,5,5,https://www.google.com/maps/search/?api=1&query=La%20Boutique&query_place_id=ChIJka0cMbnKvJURuCH_uCL_fEM,Sí,Sí,MEDIA
Ayla's Boutique,Tienda de ropa de mujer,"Carrera 18, Cl. 29 Sur #19B, Restrepo, Bogotá",Restrepo,CO,+57 311 5985093,http://aylasboutiques.com/es-co,,5,4,https://www.google.com/maps/search/?api=1&query=Ayla's%20Boutique&query_place_id=ChIJE2nHLU6ZP44R860sxrnDRDY,Sí,Sí,MEDIA
Andariegotienda,Tienda de ropa,"Cl. 113 #75a-9, Medellín, Castilla, Medellín, Antioquia","Medellín, Castilla, Medellín",CO,+57 305 2451195,https://instagram.com/andariegotienda?igshid=qdmlhavzuxy6,,5,4,https://www.google.com/maps/search/?api=1&query=Andariegotienda&query_place_id=ChIJi1RUd1wvRI4Rd3uIXLqvy0g,Sí,Sí,MEDIA
Love Accesorios,Tienda de ropa de mujer,"Paraguay 2070, C1121ABF, Cdad. Autónoma de Buenos Aires",C1121ABF,AR,+54 9 11 2513-8634,https://instagram.com/love.accesorios.oficial?igshid=YWJhMjlhZTc=,,4.7,3,https://www.google.com/maps/search/?api=1&query=Love%20Accesorios&query_place_id=ChIJbdhnZ67LvJURF893_hojbes,Sí,Sí,MEDIA
Ropa y Calzado MOCA SHOES,Tienda de botas,"Cl. 57b Sur #70 60, Bogotá, Bogotá",Bogotá,CO,+57 302 1277075,https://wa.me/573021277075,,5,3,https://www.google.com/maps/search/?api=1&query=Ropa%20y%20Calzado%20MOCA%20SHOES&query_place_id=ChIJiYoAQLyfP44RbB9TMmmJb_U,Sí,Sí,MEDIA
Joyas en Plata al por mayor Bogota,Joyería mayorista,"Cra. 70d #78-28, Bogotá, Cundinamarca",Bogotá,CO,+57 350 3645404,https://cinnamonjoyeros.com/,,5,3,https://www.google.com/maps/search/?api=1&query=Joyas%20en%20Plata%20al%20por%20mayor%20Bogota&query_place_id=ChIJCbyTTiObP44RWz638UJYLEE,Sí,Sí,MEDIA
Originals and Replicas,Zapatería,"Cl. 76bb #82 F 77, Medellín, Robledo, Medellín, Antioquia","Medellín, Robledo, Medellín",CO,+57 313 6346157,https://originals-and-replicas.ueniweb.com/?utm_campaign=gmb,,5,3,https://www.google.com/maps/search/?api=1&query=Originals%20and%20Replicas&query_place_id=ChIJxzMn0sApRI4RdEdep1DS3AE,Sí,Sí,MEDIA
Pañalera Tomás Baby Mundo Infantil,Tienda de artículos para bebés,"Cra 71A #78A-18, Medellín, Robledo, Medellín, Antioquia","Medellín, Robledo, Medellín",CO,+57 321 2219178,https://instagram.com/tomasbaby_mundoinfantil?igshid=YmMyMTA2M2Y=,,5,3,https://www.google.com/maps/search/?api=1&query=Pa%C3%B1alera%20Tom%C3%A1s%20Baby%20Mundo%20Infantil&query_place_id=ChIJ38EXzigpRI4Rm3KRylL-TZA,Sí,Sí,MEDIA
Emy boutique,Tienda de ropa de mujer,"Av de Las Palmas 23, Milpa Alta, Ciudad de México, Cd. de México","Milpa Alta, Ciudad de México",MX,+52 55 4573 6890,https://www.facebook.com/Emyboutique21/,,5,2,https://www.google.com/maps/search/?api=1&query=Emy%20boutique&query_place_id=ChIJBaSIzj8bzoURoRJ1D5tB8Ek,Sí,Sí,MEDIA
TOTALMODA,Zapatería,"Av. Leandro Valle 199, Cuajimalpa de Morelos, Ciudad de México, Cd. de México","Cuajimalpa de Morelos, Ciudad de México",MX,+52 55 4070 5200,https://www.totalmoda.shop/,,5,2,https://www.google.com/maps/search/?api=1&query=TOTALMODA&query_place_id=ChIJrcAIm4AH0oURGOEgyMTE6jY,Sí,Sí,MEDIA
"Shadam Boutique ""Ropa de Importación y Accesorios""",Tienda de ropa,"Leona Vicario 50, Cuauhtémoc, Ciudad de México, Cd. de México","Cuauhtémoc, Ciudad de México",MX,+52 56 1341 3209,https://www.facebook.com/profile.php?id=100041445083557,,5,2,https://www.google.com/maps/search/?api=1&query=Shadam%20Boutique%20%22Ropa%20de%20Importaci%C3%B3n%20y%20Accesorios%22&query_place_id=ChIJN8atsHf50YURFkf_VmF02qU,Sí,Sí,MEDIA
CoCo Boutique Woman,Tienda de ropa de mujer,"Unnamed Road, Bogotá, Bogotá",Bogotá,CO,+57 319 7861705,https://www.facebook.com/COCOBoutiquefemme/,,5,2,https://www.google.com/maps/search/?api=1&query=CoCo%20Boutique%20Woman&query_place_id=ChIJe8bI_huiP44RIF3zWkhrXHY,Sí,Sí,MEDIA
JAEL Accesorios,Tienda de accesorios de moda,"Cl. 38A Sur #50a 66 piso 2, Bogotá, Bogotá",Bogotá,CO,+57 321 2375479,https://listado.mercadolibre.com.co/_CustId_482934394_NoIndex_True,,5,2,https://www.google.com/maps/search/?api=1&query=JAEL%20Accesorios&query_place_id=ChIJi4lBHgCfP44Rqwdl_QNZnEI,Sí,Sí,MEDIA
Ropa y Calzado MOCA SHOES,Tienda de ropa de vestir,"Cra. 63 #57B-40SUR, Bogotá, Bogotá",Bogotá,CO,+57 302 1277075,https://wa.me/573021277075,,5,2,https://www.google.com/maps/search/?api=1&query=Ropa%20y%20Calzado%20MOCA%20SHOES&query_place_id=ChIJH-cHw7yfP44RH3D2Rc7EvpE,Sí,Sí,MEDIA
CALZADO PAUSSINY,Fábrica de zapatos,"Tv. 24I #16 - 71 sur, Bogotá, Cundinamarca",Bogotá,CO,+57 300 7906815,https://www.instagram.com/calzadopaussiny/,,5,2,https://www.google.com/maps/search/?api=1&query=CALZADO%20PAUSSINY&query_place_id=ChIJZ2VIXFKZP44R_hwZi7OqNZM,Sí,Sí,MEDIA
Fashion Store Yina Osorio,Tienda de ropa de mujer,"Cl 20E #43-50, Medellín, Bello, Antioquia","Medellín, Bello",CO,+57 300 6755435,https://www.instagram.com/fashionstoreym_?igsh=eHMwcDFkdjJqdXR5,,5,2,https://www.google.com/maps/search/?api=1&query=Fashion%20Store%20Yina%20Osorio&query_place_id=ChIJh14HMVMvRI4RB28W2I5mieA,Sí,Sí,MEDIA
VER,Tienda de ropa de mujer,"Av. Sta. Fe 1400, Cdad. Autónoma de Buenos Aires, Cdad. Autónoma de Buenos Aires",Cdad. Autónoma de Buenos Aires,AR,,http://www.ver.com.ar/,,4.3,443,https://www.google.com/maps/search/?api=1&query=VER&query_place_id=ChIJfaGwELnKvJUR23c9AlzPTK0,Sí,No,BAJA
Antes Muertas Zapatos,Tienda de ropa,"Gurruchaga 1060, Cdad. Autónoma de Buenos Aires, Cdad. Autónoma de Buenos Aires",Cdad. Autónoma de Buenos Aires,AR,,https://www.antesmuertas.com.ar/,,4.8,320,https://www.google.com/maps/search/?api=1&query=Antes%20Muertas%20Zapatos&query_place_id=ChIJR9-4MW3LvJURD79M7z9xUJY,Sí,No,BAJA
Isadora,Tienda de accesorios de moda,"Av. Sta. Fe 2727, Cdad. Autónoma de Buenos Aires, Cdad. Autónoma de Buenos Aires",Cdad. Autónoma de Buenos Aires,AR,,https://ar.isadoraonline.com/,,4.3,137,https://www.google.com/maps/search/?api=1&query=Isadora&query_place_id=ChIJxZUDbhPLvJUR8poBlWS_5wY,Sí,No,BAJA
Todomoda,Tienda de accesorios de moda,"Antigua Mina La Totolapa, Centro Comercial Santa Fe, Vasco de Quiroga 3800 Col-Local 654, Cuajimalpa de Morelos, Ciudad de México, Cd. de México","Cuajimalpa de Morelos, Ciudad de México",MX,,https://mx.todomoda.com/,,4,130,https://www.google.com/maps/search/?api=1&query=Todomoda&query_place_id=ChIJmwWi9ssA0oURgNN0iH6S0ds,Sí,No,BAJA
Sol Beauty and Care Cdmx,Boutique,"Calle Juan Salvador Agraz 15, local A-103, Cuajimalpa de Morelos, Ciudad de México, CDMX","Cuajimalpa de Morelos, Ciudad de México",MX,,,,3,115,https://www.google.com/maps/search/?api=1&query=Sol%20Beauty%20and%20Care%20Cdmx&query_place_id=ChIJAY9eW5AH0oURl18Say5sTo4,No,No,BAJA
Lolii Loh Accesorios,Tienda de accesorios de moda,"Tte. Gral. Juan Domingo Perón 1642, Cdad. Autónoma de Buenos Aires, Cdad. Autónoma de Buenos Aires",Cdad. Autónoma de Buenos Aires,AR,,http://www.loliilohaccesorios.com.ar/,,4.9,37,https://www.google.com/maps/search/?api=1&query=Lolii%20Loh%20Accesorios&query_place_id=ChIJmbjCu4PLvJURgpus4reBe2Y,Sí,No,BAJA
Isadora,Tienda de accesorios de moda,"Col. Antigua Mina La Totolapa, Vasco de Quiroga 3800-Local 145, Cuajimalpa de Morelos, Ciudad de México, Cd. de México","Cuajimalpa de Morelos, Ciudad de México",MX,,https://mx.isadoraonline.com/,,4.1,22,https://www.google.com/maps/search/?api=1&query=Isadora&query_place_id=ChIJTUwZrc4A0oUR2VN0U9eJY98,Sí,No,BAJA
baby city medellin,Tienda de ropa,"Cl. 81f #54c 10, Medellín, Aranjuez, Medellín, Antioquia","Medellín, Aranjuez, Medellín",CO,,https://linktr.ee/babycitymedellin,,4.8,22,https://www.google.com/maps/search/?api=1&query=baby%20city%20medellin&query_place_id=ChIJrYxkCNsoRI4R_3D4YOWnyqc,Sí,No,BAJA
JessAnime Store Cuajimalpa,Tienda de accesorios de moda,"Av. José María Castorena 100, Cuajimalpa de Morelos, Ciudad de México, Cd. de México","Cuajimalpa de Morelos, Ciudad de México",MX,,,,4.5,20,https://www.google.com/maps/search/?api=1&query=JessAnime%20Store%20Cuajimalpa&query_place_id=ChIJm_BRiTgH0oURrCcocWHFD3Y,No,No,BAJA
Ne.house,Tienda de ropa,"Cra. 77c #67-59, Bogotá, Bogotá",Bogotá,CO,,,,5,20,https://www.google.com/maps/search/?api=1&query=Ne.house&query_place_id=ChIJtzQzfACbP44RqZSXepCV4AM,No,No,BAJA
Calzado Gasolina Extra Kennedy,Tienda de ropa,"Cra. 78B #22, Bogotá, Bogotá",Bogotá,CO,,,,4.4,18,https://www.google.com/maps/search/?api=1&query=Calzado%20Gasolina%20Extra%20Kennedy&query_place_id=ChIJA-eC35ieP44RyT2TsLGCI6k,No,No,BAJA
Calzado República,Tienda de ropa,"Cl. 9 #50, Bogotá, Bogotá",Bogotá,CO,,,,4,17,https://www.google.com/maps/search/?api=1&query=Calzado%20Rep%C3%BAblica&query_place_id=ChIJUbpc7BKZP44RTkJTvagNEm8,No,No,BAJA
ROMAC - Taller de Joyería y Relojería,Joyería,"C. Ocampo 97, Cuajimalpa de Morelos, Ciudad de México, Cd. de México","Cuajimalpa de Morelos, Ciudad de México",MX,,,,4.2,12,https://www.google.com/maps/search/?api=1&query=ROMAC%20-%20Taller%20de%20Joyer%C3%ADa%20y%20Relojer%C3%ADa&query_place_id=ChIJl6y-2z8H0oURzsPamWjToGo,No,No,BAJA
zapatillas gaynor,Tienda de ropa,"Av. Sta. Fe 1229, Cdad. Autónoma de Buenos Aires, Cdad. Autónoma de Buenos Aires",Cdad. Autónoma de Buenos Aires,AR,,,,5,11,https://www.google.com/maps/search/?api=1&query=zapatillas%20gaynor&query_place_id=ChIJlTYqTVPLvJUR6nqv6HAKhLk,No,No,BAJA
ZAPATOS LAVALLE,Zapatería,",C1047AAO, Lavalle 769, Cdad. Autónoma de Buenos Aires, Cdad. Autónoma de Buenos Aires",Cdad. Autónoma de Buenos Aires,AR,,https://www.facebook.com/shoe.mart.984/,,4.9,8,https://www.google.com/maps/search/?api=1&query=ZAPATOS%20LAVALLE&query_place_id=ChIJrVBeoc7KvJURPXkTjWs3xLs,Sí,No,BAJA
Costales YEYITA,Tienda de bolsos,"C. Ahuehuetes 56, Cuajimalpa de Morelos, Ciudad de México, Cd. de México","Cuajimalpa de Morelos, Ciudad de México",MX,,,,4.9,7,https://www.google.com/maps/search/?api=1&query=Costales%20YEYITA&query_place_id=ChIJgau5FHkH0oURLqOqNILQ-9s,No,No,BAJA
Lausana Boutique,Tienda de ropa,"Kr 24 #9-35, Bogotá, Bogotá",Bogotá,CO,,,,4.8,5,https://www.google.com/maps/search/?api=1&query=Lausana%20Boutique&query_place_id=ChIJfyEn2xKZP44Rng1J13vO0iI,No,No,BAJA
La tienda de Lupita,Tienda de ropa,"Cl. 77 #112c-18, Bogotá, Bogotá",Bogotá,CO,,,,4.8,5,https://www.google.com/maps/search/?api=1&query=La%20tienda%20de%20Lupita&query_place_id=ChIJW48-wS6DP44RbUefN0qMKZ4,No,No,BAJA
Tienda de Ropa y calzado TEOTL,,"Reforma, Tlalpan, Ciudad de México, Cd. de México","Tlalpan, Ciudad de México",MX,,,,5,4,https://www.google.com/maps/search/?api=1&query=Tienda%20de%20Ropa%20y%20calzado%20TEOTL&query_place_id=ChIJi2--DAABzoURzP9PklpACBA,No,No,BAJA
Latienda pasión por la moda VILLAS DE GRANADA,Tienda de ropa,"Cl 72F, Bogotá, Bogotá",Bogotá,CO,,,,4,4,https://www.google.com/maps/search/?api=1&query=Latienda%20pasi%C3%B3n%20por%20la%20moda%20VILLAS%20DE%20GRANADA&query_place_id=ChIJy_t3l9GDP44RHQaI-eYftEQ,No,No,BAJA
Joyería Splendor,Joyería,"Cra. 69r #26, Bogotá, Bogotá",Bogotá,CO,,,,4,4,https://www.google.com/maps/search/?api=1&query=Joyer%C3%ADa%20Splendor&query_place_id=ChIJleZRrSKbP44RnFAubjzzU2w,No,No,BAJA
"Ropa, calzado y accesorios Odeth",Tienda de ropa,"Carr. A Sta. Cecilia 179, Xochimilco, Ciudad de México, Cd. de México","Xochimilco, Ciudad de México",MX,,,,5,3,https://www.google.com/maps/search/?api=1&query=Ropa%2C%20calzado%20y%20accesorios%20Odeth&query_place_id=ChIJkakiig8HzoURlwnpRpijmEQ,No,No,BAJA
Calzado puro cuero y moda,Tienda de ropa,"Cra. 21 #9-21, Bogotá, Bogotá",Bogotá,CO,,,,5,3,https://www.google.com/maps/search/?api=1&query=Calzado%20puro%20cuero%20y%20moda&query_place_id=ChIJS-idYhKZP44R2tN-Xv0XElo,No,No,BAJA
Moda Rosa,Tienda de ropa,"Cl. 10 #2031, Bogotá, Bogotá",Bogotá,CO,,,,5,3,https://www.google.com/maps/search/?api=1&query=Moda%20Rosa&query_place_id=ChIJq-AHZA2ZP44RlOtpb3WCX0I,No,No,BAJA
Joyería Moderna,Joyería,"Cl 64 #13, Bogotá, Bogotá",Bogotá,CO,,,,3.7,3,https://www.google.com/maps/search/?api=1&query=Joyer%C3%ADa%20Moderna&query_place_id=ChIJaUTBa0yDP44RcFs5Np3p_sk,No,No,BAJA
Maz Joyería,Joyería,"Tv 100A #70, Bogotá, Bogotá",Bogotá,CO,,,,5,3,https://www.google.com/maps/search/?api=1&query=Maz%20Joyer%C3%ADa&query_place_id=ChIJb31IcbKEP44R-8Xh6lmSyC4,No,No,BAJA
PEQUEÑOS TRAVIESOS,Tienda de ropa infantil,"entre Ignacio Zaragoza y Cuauhtemoc, Av Morelos 22, Milpa Alta, Ciudad de México, CDMX","Milpa Alta, Ciudad de México",MX,,,,5,2,https://www.google.com/maps/search/?api=1&query=PEQUE%C3%91OS%20TRAVIESOS&query_place_id=ChIJYY2T-zwbzoURfo-FMmxOzsw,No,No,BAJA
"Joyería ""El Rubí""",Joyería,"Veracruz, Ocampo, Cuajimalpa de Morelos, Ciudad de México, CDMX","Cuajimalpa de Morelos, Ciudad de México",MX,,,,5,2,https://www.google.com/maps/search/?api=1&query=Joyer%C3%ADa%20%22El%20Rub%C3%AD%22&query_place_id=ChIJNZk8JN0H0oUR-WjnlS5X_Nc,No,No,BAJA
Central Store Cuajimalpa,Tienda de ropa,"Av. Juárez 6, Cuajimalpa de Morelos, Ciudad de México, Cd. de México","Cuajimalpa de Morelos, Ciudad de México",MX,,,,5,2,https://www.google.com/maps/search/?api=1&query=Central%20Store%20Cuajimalpa&query_place_id=ChIJT1pZq4EH0oUR2AhJWQWIFEY,No,No,BAJA
Zapatos,Tienda de ropa,"Jerónimo Salguero 3084, Cdad. Autónoma de Buenos Aires, Cdad. Autónoma de Buenos Aires",Cdad. Autónoma de Buenos Aires,AR,,,,5,2,https://www.google.com/maps/search/?api=1&query=Zapatos&query_place_id=ChIJkWdL1mS1vJUReBoJTHsyDK8,No,No,BAJA
Gold Accesorios,Tienda de accesorios de moda,"Bogotá, Bogotá",Bogotá,CO,,,,5,2,https://www.google.com/maps/search/?api=1&query=Gold%20Accesorios&query_place_id=ChIJlSxZgCCZP44RhdIGgJhmi7Y,No,No,BAJA
Ropa & Calzado Juanse,Tienda de ropa,"Cra. 72c, Bogotá, Bogotá",Bogotá,CO,,,,5,2,https://www.google.com/maps/search/?api=1&query=Ropa%20%26%20Calzado%20Juanse&query_place_id=ChIJzeJsSvGeP44RwDkPxyRIXhw,No,No,BAJA
R y R Insumos Calzado,Tienda de ropa,"Cra. 75g #45, Bogotá, Bogotá",Bogotá,CO,,,,4.5,2,https://www.google.com/maps/search/?api=1&query=R%20y%20R%20Insumos%20Calzado&query_place_id=ChIJMxNOV6ufP44RHHVjlef_L38,No,No,BAJA
Almacén Calzado Imperio,Tienda de ropa,"Cra. 45a, Bogotá, Bogotá",Bogotá,CO,,,,4.5,2,https://www.google.com/maps/search/?api=1&query=Almac%C3%A9n%20Calzado%20Imperio&query_place_id=ChIJJVB1ogyfP44RmHE93RS4-iw,No,No,BAJA
Calzado Sport Nuevo Milenio,Tienda de ropa,"Cra. 47 #60, Bogotá, Bogotá",Bogotá,CO,,,,4.5,2,https://www.google.com/maps/search/?api=1&query=Calzado%20Sport%20Nuevo%20Milenio&query_place_id=ChIJ6-DRJhGfP44RpUMkjJNBG8g,No,No,BAJA
Latienda pasión por la moda CASA BLANCA,Tienda de ropa,"Cra. 80 #49-11, Bogotá, Bogotá",Bogotá,CO,,,,5,2,https://www.google.com/maps/search/?api=1&query=Latienda%20pasi%C3%B3n%20por%20la%20moda%20CASA%20BLANCA&query_place_id=ChIJhZfCDSmfP44RF8nhrTLyeDI,No,No,BAJA
La Joyeria,Joyería,"Cra. 100 #22G-41, Bogotá, Bogotá",Bogotá,CO,,,,5,2,https://www.google.com/maps/search/?api=1&query=La%20Joyeria&query_place_id=ChIJ51x7Io6cP44RyjINEU2r2u0,No,No,BAJA
Almacén de variedades la Moda,Comercio,"Cra. 23 #102-33, Medellín, Popular, Medellín, Antioquia","Medellín, Popular, Medellín",CO,,,,4.5,2,https://www.google.com/maps/search/?api=1&query=Almac%C3%A9n%20de%20variedades%20la%20Moda&query_place_id=ChIJlVZBnSUvRI4R2aVUEpxboAs,No,No,BAJA